CREATE DATABASE IF NOT EXISTS `boot_security` DEFAULT CHARACTER SET = utf8mb4;

Use `boot_security`;

set session  
sql_mode='ONLY_FULL_GROUP_BY,STRICT_TRANS_TABLES,ERROR_FOR_DIVISION_BY_ZERO,NO_AUTO_CREATE_USER,NO_ENGINE_SUBSTITUTION';  

SET FOREIGN_KEY_CHECKS=0;


# Host: 192.168.3.150  (Version 5.7.22)
# Date: 2018-06-24 11:52:30
# Generator: MySQL-Front 5.4  (Build 4.153) - http://www.mysqlfront.de/

/*!40101 SET NAMES utf8 */;

#
# Structure for table "act_assignee"
#

DROP TABLE IF EXISTS `act_assignee`;
CREATE TABLE `act_assignee` (
  `id` varchar(32) NOT NULL,
  `sid` varchar(32) NOT NULL COMMENT '节点id',
  `assignee` varchar(64) DEFAULT NULL COMMENT '办理人',
  `role_id` varchar(32) DEFAULT NULL COMMENT '候选组(角色)',
  `assignee_type` int(11) NOT NULL COMMENT '办理人类型1办理人2候选人3组',
  `activti_name` varchar(128) DEFAULT NULL COMMENT '节点名称',
  PRIMARY KEY (`id`)
) ENGINE=InnoDB DEFAULT CHARSET=utf8;

#
# Data for table "act_assignee"
#


#
# Structure for table "act_evt_log"
#

DROP TABLE IF EXISTS `act_evt_log`;
CREATE TABLE `act_evt_log` (
  `LOG_NR_` bigint(20) NOT NULL AUTO_INCREMENT,
  `TYPE_` varchar(64) COLLATE utf8_bin DEFAULT NULL,
  `PROC_DEF_ID_` varchar(64) COLLATE utf8_bin DEFAULT NULL,
  `PROC_INST_ID_` varchar(64) COLLATE utf8_bin DEFAULT NULL,
  `EXECUTION_ID_` varchar(64) COLLATE utf8_bin DEFAULT NULL,
  `TASK_ID_` varchar(64) COLLATE utf8_bin DEFAULT NULL,
  `TIME_STAMP_` timestamp(3) NOT NULL DEFAULT CURRENT_TIMESTAMP(3) ON UPDATE CURRENT_TIMESTAMP(3),
  `USER_ID_` varchar(255) COLLATE utf8_bin DEFAULT NULL,
  `DATA_` longblob,
  `LOCK_OWNER_` varchar(255) COLLATE utf8_bin DEFAULT NULL,
  `LOCK_TIME_` timestamp(3) NULL DEFAULT NULL,
  `IS_PROCESSED_` tinyint(4) DEFAULT '0',
  PRIMARY KEY (`LOG_NR_`)
) ENGINE=InnoDB DEFAULT CHARSET=utf8 COLLATE=utf8_bin;

#
# Data for table "act_evt_log"
#


#
# Structure for table "act_ge_property"
#

DROP TABLE IF EXISTS `act_ge_property`;
CREATE TABLE `act_ge_property` (
  `NAME_` varchar(64) COLLATE utf8_bin NOT NULL,
  `VALUE_` varchar(300) COLLATE utf8_bin DEFAULT NULL,
  `REV_` int(11) DEFAULT NULL,
  PRIMARY KEY (`NAME_`)
) ENGINE=InnoDB DEFAULT CHARSET=utf8 COLLATE=utf8_bin;

#
# Data for table "act_ge_property"
#

INSERT INTO `act_ge_property` VALUES ('next.dbid','215001',87),('schema.history','create(5.22.0.0)',1),('schema.version','5.22.0.0',1);

#
# Structure for table "act_hi_actinst"
#

DROP TABLE IF EXISTS `act_hi_actinst`;
CREATE TABLE `act_hi_actinst` (
  `ID_` varchar(64) COLLATE utf8_bin NOT NULL,
  `PROC_DEF_ID_` varchar(64) COLLATE utf8_bin NOT NULL,
  `PROC_INST_ID_` varchar(64) COLLATE utf8_bin NOT NULL,
  `EXECUTION_ID_` varchar(64) COLLATE utf8_bin NOT NULL,
  `ACT_ID_` varchar(255) COLLATE utf8_bin NOT NULL,
  `TASK_ID_` varchar(64) COLLATE utf8_bin DEFAULT NULL,
  `CALL_PROC_INST_ID_` varchar(64) COLLATE utf8_bin DEFAULT NULL,
  `ACT_NAME_` varchar(255) COLLATE utf8_bin DEFAULT NULL,
  `ACT_TYPE_` varchar(255) COLLATE utf8_bin NOT NULL,
  `ASSIGNEE_` varchar(255) COLLATE utf8_bin DEFAULT NULL,
  `START_TIME_` datetime(3) NOT NULL,
  `END_TIME_` datetime(3) DEFAULT NULL,
  `DURATION_` bigint(20) DEFAULT NULL,
  `TENANT_ID_` varchar(255) COLLATE utf8_bin DEFAULT '',
  PRIMARY KEY (`ID_`),
  KEY `ACT_IDX_HI_ACT_INST_START` (`START_TIME_`),
  KEY `ACT_IDX_HI_ACT_INST_END` (`END_TIME_`),
  KEY `ACT_IDX_HI_ACT_INST_PROCINST` (`PROC_INST_ID_`,`ACT_ID_`),
  KEY `ACT_IDX_HI_ACT_INST_EXEC` (`EXECUTION_ID_`,`ACT_ID_`)
) ENGINE=InnoDB DEFAULT CHARSET=utf8 COLLATE=utf8_bin;

#
# Data for table "act_hi_actinst"
#

INSERT INTO `act_hi_actinst` VALUES ('122506','leave_process:1:120011','122505','122505','start',NULL,NULL,'start','startEvent',NULL,'2018-01-24 23:06:38.000','2018-01-24 23:06:38.000',67,''),('122507','leave_process:1:120011','122505','122505','user1','122508',NULL,'经理审批','userTask',NULL,'2018-01-24 23:06:38.000',NULL,NULL,''),('130010','leave_process:1:120011','130009','130009','start',NULL,NULL,'start','startEvent',NULL,'2018-01-24 23:47:12.000','2018-01-24 23:47:12.000',3,''),('130011','leave_process:1:120011','130009','130009','user1','130012',NULL,'经理审批','userTask',NULL,'2018-01-24 23:47:12.000',NULL,NULL,''),('130015','leave_process:1:120011','130014','130014','start',NULL,NULL,'start','startEvent',NULL,'2018-01-24 23:50:10.000','2018-01-24 23:50:10.000',1,''),('130016','leave_process:1:120011','130014','130014','user1','130017',NULL,'经理审批','userTask',NULL,'2018-01-24 23:50:10.000',NULL,NULL,''),('130020','leave_process:1:120011','130019','130019','start',NULL,NULL,'start','startEvent',NULL,'2018-01-24 23:52:30.000','2018-01-24 23:52:30.000',7,''),('130024','leave_process:1:120011','130019','130019','user1','130025',NULL,'经理审批','userTask',NULL,'2018-01-24 23:52:30.000',NULL,NULL,'');

#
# Structure for table "act_hi_attachment"
#

DROP TABLE IF EXISTS `act_hi_attachment`;
CREATE TABLE `act_hi_attachment` (
  `ID_` varchar(64) COLLATE utf8_bin NOT NULL,
  `REV_` int(11) DEFAULT NULL,
  `USER_ID_` varchar(255) COLLATE utf8_bin DEFAULT NULL,
  `NAME_` varchar(255) COLLATE utf8_bin DEFAULT NULL,
  `DESCRIPTION_` varchar(4000) COLLATE utf8_bin DEFAULT NULL,
  `TYPE_` varchar(255) COLLATE utf8_bin DEFAULT NULL,
  `TASK_ID_` varchar(64) COLLATE utf8_bin DEFAULT NULL,
  `PROC_INST_ID_` varchar(64) COLLATE utf8_bin DEFAULT NULL,
  `URL_` varchar(4000) COLLATE utf8_bin DEFAULT NULL,
  `CONTENT_ID_` varchar(64) COLLATE utf8_bin DEFAULT NULL,
  `TIME_` datetime(3) DEFAULT NULL,
  PRIMARY KEY (`ID_`)
) ENGINE=InnoDB DEFAULT CHARSET=utf8 COLLATE=utf8_bin;

#
# Data for table "act_hi_attachment"
#


#
# Structure for table "act_hi_comment"
#

DROP TABLE IF EXISTS `act_hi_comment`;
CREATE TABLE `act_hi_comment` (
  `ID_` varchar(64) COLLATE utf8_bin NOT NULL,
  `TYPE_` varchar(255) COLLATE utf8_bin DEFAULT NULL,
  `TIME_` datetime(3) NOT NULL,
  `USER_ID_` varchar(255) COLLATE utf8_bin DEFAULT NULL,
  `TASK_ID_` varchar(64) COLLATE utf8_bin DEFAULT NULL,
  `PROC_INST_ID_` varchar(64) COLLATE utf8_bin DEFAULT NULL,
  `ACTION_` varchar(255) COLLATE utf8_bin DEFAULT NULL,
  `MESSAGE_` varchar(4000) COLLATE utf8_bin DEFAULT NULL,
  `FULL_MSG_` longblob,
  PRIMARY KEY (`ID_`)
) ENGINE=InnoDB DEFAULT CHARSET=utf8 COLLATE=utf8_bin;

#
# Data for table "act_hi_comment"
#


#
# Structure for table "act_hi_detail"
#

DROP TABLE IF EXISTS `act_hi_detail`;
CREATE TABLE `act_hi_detail` (
  `ID_` varchar(64) COLLATE utf8_bin NOT NULL,
  `TYPE_` varchar(255) COLLATE utf8_bin NOT NULL,
  `PROC_INST_ID_` varchar(64) COLLATE utf8_bin DEFAULT NULL,
  `EXECUTION_ID_` varchar(64) COLLATE utf8_bin DEFAULT NULL,
  `TASK_ID_` varchar(64) COLLATE utf8_bin DEFAULT NULL,
  `ACT_INST_ID_` varchar(64) COLLATE utf8_bin DEFAULT NULL,
  `NAME_` varchar(255) COLLATE utf8_bin NOT NULL,
  `VAR_TYPE_` varchar(255) COLLATE utf8_bin DEFAULT NULL,
  `REV_` int(11) DEFAULT NULL,
  `TIME_` datetime(3) NOT NULL,
  `BYTEARRAY_ID_` varchar(64) COLLATE utf8_bin DEFAULT NULL,
  `DOUBLE_` double DEFAULT NULL,
  `LONG_` bigint(20) DEFAULT NULL,
  `TEXT_` varchar(4000) COLLATE utf8_bin DEFAULT NULL,
  `TEXT2_` varchar(4000) COLLATE utf8_bin DEFAULT NULL,
  PRIMARY KEY (`ID_`),
  KEY `ACT_IDX_HI_DETAIL_PROC_INST` (`PROC_INST_ID_`),
  KEY `ACT_IDX_HI_DETAIL_ACT_INST` (`ACT_INST_ID_`),
  KEY `ACT_IDX_HI_DETAIL_TIME` (`TIME_`),
  KEY `ACT_IDX_HI_DETAIL_NAME` (`NAME_`),
  KEY `ACT_IDX_HI_DETAIL_TASK_ID` (`TASK_ID_`)
) ENGINE=InnoDB DEFAULT CHARSET=utf8 COLLATE=utf8_bin;

#
# Data for table "act_hi_detail"
#


#
# Structure for table "act_hi_identitylink"
#

DROP TABLE IF EXISTS `act_hi_identitylink`;
CREATE TABLE `act_hi_identitylink` (
  `ID_` varchar(64) COLLATE utf8_bin NOT NULL,
  `GROUP_ID_` varchar(255) COLLATE utf8_bin DEFAULT NULL,
  `TYPE_` varchar(255) COLLATE utf8_bin DEFAULT NULL,
  `USER_ID_` varchar(255) COLLATE utf8_bin DEFAULT NULL,
  `TASK_ID_` varchar(64) COLLATE utf8_bin DEFAULT NULL,
  `PROC_INST_ID_` varchar(64) COLLATE utf8_bin DEFAULT NULL,
  PRIMARY KEY (`ID_`),
  KEY `ACT_IDX_HI_IDENT_LNK_USER` (`USER_ID_`),
  KEY `ACT_IDX_HI_IDENT_LNK_TASK` (`TASK_ID_`),
  KEY `ACT_IDX_HI_IDENT_LNK_PROCINST` (`PROC_INST_ID_`)
) ENGINE=InnoDB DEFAULT CHARSET=utf8 COLLATE=utf8_bin;

#
# Data for table "act_hi_identitylink"
#

INSERT INTO `act_hi_identitylink` VALUES ('130013','0ea934e5e55411e7b983201a068c6482','candidate',NULL,'130012',NULL),('130018','0ea934e5e55411e7b983201a068c6482','candidate',NULL,'130017',NULL),('130026','0ea934e5e55411e7b983201a068c6482','candidate',NULL,'130025',NULL);

#
# Structure for table "act_hi_procinst"
#

DROP TABLE IF EXISTS `act_hi_procinst`;
CREATE TABLE `act_hi_procinst` (
  `ID_` varchar(64) COLLATE utf8_bin NOT NULL,
  `PROC_INST_ID_` varchar(64) COLLATE utf8_bin NOT NULL,
  `BUSINESS_KEY_` varchar(255) COLLATE utf8_bin DEFAULT NULL,
  `PROC_DEF_ID_` varchar(64) COLLATE utf8_bin NOT NULL,
  `START_TIME_` datetime(3) NOT NULL,
  `END_TIME_` datetime(3) DEFAULT NULL,
  `DURATION_` bigint(20) DEFAULT NULL,
  `START_USER_ID_` varchar(255) COLLATE utf8_bin DEFAULT NULL,
  `START_ACT_ID_` varchar(255) COLLATE utf8_bin DEFAULT NULL,
  `END_ACT_ID_` varchar(255) COLLATE utf8_bin DEFAULT NULL,
  `SUPER_PROCESS_INSTANCE_ID_` varchar(64) COLLATE utf8_bin DEFAULT NULL,
  `DELETE_REASON_` varchar(4000) COLLATE utf8_bin DEFAULT NULL,
  `TENANT_ID_` varchar(255) COLLATE utf8_bin DEFAULT '',
  `NAME_` varchar(255) COLLATE utf8_bin DEFAULT NULL,
  PRIMARY KEY (`ID_`),
  UNIQUE KEY `PROC_INST_ID_` (`PROC_INST_ID_`),
  KEY `ACT_IDX_HI_PRO_INST_END` (`END_TIME_`),
  KEY `ACT_IDX_HI_PRO_I_BUSKEY` (`BUSINESS_KEY_`)
) ENGINE=InnoDB DEFAULT CHARSET=utf8 COLLATE=utf8_bin;

#
# Data for table "act_hi_procinst"
#

INSERT INTO `act_hi_procinst` VALUES ('122505','122505',NULL,'leave_process:1:120011','2018-01-24 23:06:38.000',NULL,NULL,NULL,'start',NULL,NULL,NULL,'',NULL),('130009','130009',NULL,'leave_process:1:120011','2018-01-24 23:47:12.000',NULL,NULL,NULL,'start',NULL,NULL,NULL,'',NULL),('130014','130014',NULL,'leave_process:1:120011','2018-01-24 23:50:10.000',NULL,NULL,NULL,'start',NULL,NULL,NULL,'',NULL),('130019','130019',NULL,'leave_process:1:120011','2018-01-24 23:52:30.000',NULL,NULL,NULL,'start',NULL,NULL,NULL,'',NULL);

#
# Structure for table "act_hi_taskinst"
#

DROP TABLE IF EXISTS `act_hi_taskinst`;
CREATE TABLE `act_hi_taskinst` (
  `ID_` varchar(64) COLLATE utf8_bin NOT NULL,
  `PROC_DEF_ID_` varchar(64) COLLATE utf8_bin DEFAULT NULL,
  `TASK_DEF_KEY_` varchar(255) COLLATE utf8_bin DEFAULT NULL,
  `PROC_INST_ID_` varchar(64) COLLATE utf8_bin DEFAULT NULL,
  `EXECUTION_ID_` varchar(64) COLLATE utf8_bin DEFAULT NULL,
  `NAME_` varchar(255) COLLATE utf8_bin DEFAULT NULL,
  `PARENT_TASK_ID_` varchar(64) COLLATE utf8_bin DEFAULT NULL,
  `DESCRIPTION_` varchar(4000) COLLATE utf8_bin DEFAULT NULL,
  `OWNER_` varchar(255) COLLATE utf8_bin DEFAULT NULL,
  `ASSIGNEE_` varchar(255) COLLATE utf8_bin DEFAULT NULL,
  `START_TIME_` datetime(3) NOT NULL,
  `CLAIM_TIME_` datetime(3) DEFAULT NULL,
  `END_TIME_` datetime(3) DEFAULT NULL,
  `DURATION_` bigint(20) DEFAULT NULL,
  `DELETE_REASON_` varchar(4000) COLLATE utf8_bin DEFAULT NULL,
  `PRIORITY_` int(11) DEFAULT NULL,
  `DUE_DATE_` datetime(3) DEFAULT NULL,
  `FORM_KEY_` varchar(255) COLLATE utf8_bin DEFAULT NULL,
  `CATEGORY_` varchar(255) COLLATE utf8_bin DEFAULT NULL,
  `TENANT_ID_` varchar(255) COLLATE utf8_bin DEFAULT '',
  PRIMARY KEY (`ID_`),
  KEY `ACT_IDX_HI_TASK_INST_PROCINST` (`PROC_INST_ID_`)
) ENGINE=InnoDB DEFAULT CHARSET=utf8 COLLATE=utf8_bin;

#
# Data for table "act_hi_taskinst"
#

INSERT INTO `act_hi_taskinst` VALUES ('122508','leave_process:1:120011','user1','122505','122505','经理审批',NULL,NULL,NULL,NULL,'2018-01-24 23:06:38.000',NULL,NULL,NULL,NULL,50,NULL,NULL,NULL,''),('130012','leave_process:1:120011','user1','130009','130009','经理审批',NULL,NULL,NULL,NULL,'2018-01-24 23:47:12.000',NULL,NULL,NULL,NULL,50,NULL,NULL,NULL,''),('130017','leave_process:1:120011','user1','130014','130014','经理审批',NULL,NULL,NULL,NULL,'2018-01-24 23:50:10.000',NULL,NULL,NULL,NULL,50,NULL,NULL,NULL,''),('130025','leave_process:1:120011','user1','130019','130019','经理审批',NULL,NULL,NULL,NULL,'2018-01-24 23:52:30.000',NULL,NULL,NULL,NULL,50,NULL,NULL,NULL,'');

#
# Structure for table "act_hi_varinst"
#

DROP TABLE IF EXISTS `act_hi_varinst`;
CREATE TABLE `act_hi_varinst` (
  `ID_` varchar(64) COLLATE utf8_bin NOT NULL,
  `PROC_INST_ID_` varchar(64) COLLATE utf8_bin DEFAULT NULL,
  `EXECUTION_ID_` varchar(64) COLLATE utf8_bin DEFAULT NULL,
  `TASK_ID_` varchar(64) COLLATE utf8_bin DEFAULT NULL,
  `NAME_` varchar(255) COLLATE utf8_bin NOT NULL,
  `VAR_TYPE_` varchar(100) COLLATE utf8_bin DEFAULT NULL,
  `REV_` int(11) DEFAULT NULL,
  `BYTEARRAY_ID_` varchar(64) COLLATE utf8_bin DEFAULT NULL,
  `DOUBLE_` double DEFAULT NULL,
  `LONG_` bigint(20) DEFAULT NULL,
  `TEXT_` varchar(4000) COLLATE utf8_bin DEFAULT NULL,
  `TEXT2_` varchar(4000) COLLATE utf8_bin DEFAULT NULL,
  `CREATE_TIME_` datetime(3) DEFAULT NULL,
  `LAST_UPDATED_TIME_` datetime(3) DEFAULT NULL,
  PRIMARY KEY (`ID_`),
  KEY `ACT_IDX_HI_PROCVAR_PROC_INST` (`PROC_INST_ID_`),
  KEY `ACT_IDX_HI_PROCVAR_NAME_TYPE` (`NAME_`,`VAR_TYPE_`),
  KEY `ACT_IDX_HI_PROCVAR_TASK_ID` (`TASK_ID_`)
) ENGINE=InnoDB DEFAULT CHARSET=utf8 COLLATE=utf8_bin;

#
# Data for table "act_hi_varinst"
#

INSERT INTO `act_hi_varinst` VALUES ('130022','130019','130019',NULL,'userLeave','serializable',0,'130023',NULL,NULL,NULL,NULL,'2018-01-24 23:52:30.000','2018-01-24 23:52:30.000');

#
# Structure for table "act_id_group"
#

DROP TABLE IF EXISTS `act_id_group`;
CREATE TABLE `act_id_group` (
  `ID_` varchar(64) COLLATE utf8_bin NOT NULL,
  `REV_` int(11) DEFAULT NULL,
  `NAME_` varchar(255) COLLATE utf8_bin DEFAULT NULL,
  `TYPE_` varchar(255) COLLATE utf8_bin DEFAULT NULL,
  PRIMARY KEY (`ID_`)
) ENGINE=InnoDB DEFAULT CHARSET=utf8 COLLATE=utf8_bin;

#
# Data for table "act_id_group"
#

INSERT INTO `act_id_group` VALUES ('023366f3457511e8bcf1309c2315f9aa',1,'hr',NULL),('0ea934e5e55411e7b983201a068c6482',1,'manage',NULL),('2619a672e53811e7b983201a068c6482',1,'admin',NULL),('dcb0f642fe9611e7b472201a068c6482',1,'dev',NULL);

#
# Structure for table "act_id_info"
#

DROP TABLE IF EXISTS `act_id_info`;
CREATE TABLE `act_id_info` (
  `ID_` varchar(64) COLLATE utf8_bin NOT NULL,
  `REV_` int(11) DEFAULT NULL,
  `USER_ID_` varchar(64) COLLATE utf8_bin DEFAULT NULL,
  `TYPE_` varchar(64) COLLATE utf8_bin DEFAULT NULL,
  `KEY_` varchar(255) COLLATE utf8_bin DEFAULT NULL,
  `VALUE_` varchar(255) COLLATE utf8_bin DEFAULT NULL,
  `PASSWORD_` longblob,
  `PARENT_ID_` varchar(255) COLLATE utf8_bin DEFAULT NULL,
  PRIMARY KEY (`ID_`)
) ENGINE=InnoDB DEFAULT CHARSET=utf8 COLLATE=utf8_bin;

#
# Data for table "act_id_info"
#


#
# Structure for table "act_id_user"
#

DROP TABLE IF EXISTS `act_id_user`;
CREATE TABLE `act_id_user` (
  `ID_` varchar(64) COLLATE utf8_bin NOT NULL,
  `REV_` int(11) DEFAULT NULL,
  `FIRST_` varchar(255) COLLATE utf8_bin DEFAULT NULL,
  `LAST_` varchar(255) COLLATE utf8_bin DEFAULT NULL,
  `EMAIL_` varchar(255) COLLATE utf8_bin DEFAULT NULL,
  `PWD_` varchar(255) COLLATE utf8_bin DEFAULT NULL,
  `PICTURE_ID_` varchar(64) COLLATE utf8_bin DEFAULT NULL,
  PRIMARY KEY (`ID_`)
) ENGINE=InnoDB DEFAULT CHARSET=utf8 COLLATE=utf8_bin;

#
# Data for table "act_id_user"
#

INSERT INTO `act_id_user` VALUES ('2211fec3e17c11e795ed201a068c6482',1,'Tom Curise',NULL,'154040976@qq.com',NULL,NULL),('51d2179c457911e8bcf1309c2315f9aa',1,'333',NULL,'',NULL,NULL),('5354d45a018311e8a1a2201a068c6482',1,'111',NULL,'',NULL,NULL),('6a038f15019711e8a1a2201a068c6482',1,'张三',NULL,'',NULL,NULL),('a4a743bffe9711e7b472201a068c6482',1,'zxm',NULL,'1544040976@qq.com',NULL,NULL),('acfc0e9232f54732a5d9ffe9071bf572',1,'管理员',NULL,'',NULL,NULL),('c7f1a7d7018311e8a1a2201a068c6482',1,'666',NULL,'',NULL,NULL),('ce1f6f35018211e8a1a2201a068c6482',1,'123',NULL,'',NULL,NULL);

#
# Structure for table "act_id_membership"
#

DROP TABLE IF EXISTS `act_id_membership`;
CREATE TABLE `act_id_membership` (
  `USER_ID_` varchar(64) COLLATE utf8_bin NOT NULL,
  `GROUP_ID_` varchar(64) COLLATE utf8_bin NOT NULL,
  PRIMARY KEY (`USER_ID_`,`GROUP_ID_`),
  KEY `ACT_FK_MEMB_GROUP` (`GROUP_ID_`),
  CONSTRAINT `ACT_FK_MEMB_GROUP` FOREIGN KEY (`GROUP_ID_`) REFERENCES `act_id_group` (`ID_`),
  CONSTRAINT `ACT_FK_MEMB_USER` FOREIGN KEY (`USER_ID_`) REFERENCES `act_id_user` (`ID_`)
) ENGINE=InnoDB DEFAULT CHARSET=utf8 COLLATE=utf8_bin;

#
# Data for table "act_id_membership"
#

INSERT INTO `act_id_membership` VALUES ('2211fec3e17c11e795ed201a068c6482','0ea934e5e55411e7b983201a068c6482'),('51d2179c457911e8bcf1309c2315f9aa','023366f3457511e8bcf1309c2315f9aa'),('5354d45a018311e8a1a2201a068c6482','dcb0f642fe9611e7b472201a068c6482'),('6a038f15019711e8a1a2201a068c6482','dcb0f642fe9611e7b472201a068c6482'),('a4a743bffe9711e7b472201a068c6482','dcb0f642fe9611e7b472201a068c6482'),('acfc0e9232f54732a5d9ffe9071bf572','2619a672e53811e7b983201a068c6482'),('c7f1a7d7018311e8a1a2201a068c6482','dcb0f642fe9611e7b472201a068c6482');

#
# Structure for table "act_re_deployment"
#

DROP TABLE IF EXISTS `act_re_deployment`;
CREATE TABLE `act_re_deployment` (
  `ID_` varchar(64) COLLATE utf8_bin NOT NULL,
  `NAME_` varchar(255) COLLATE utf8_bin DEFAULT NULL,
  `CATEGORY_` varchar(255) COLLATE utf8_bin DEFAULT NULL,
  `TENANT_ID_` varchar(255) COLLATE utf8_bin DEFAULT '',
  `DEPLOY_TIME_` timestamp(3) NULL DEFAULT NULL,
  PRIMARY KEY (`ID_`)
) ENGINE=InnoDB DEFAULT CHARSET=utf8 COLLATE=utf8_bin;

#
# Data for table "act_re_deployment"
#

INSERT INTO `act_re_deployment` VALUES ('212503','请假流程',NULL,'','2018-05-17 21:11:56.283');

#
# Structure for table "act_ge_bytearray"
#

DROP TABLE IF EXISTS `act_ge_bytearray`;
CREATE TABLE `act_ge_bytearray` (
  `ID_` varchar(64) COLLATE utf8_bin NOT NULL,
  `REV_` int(11) DEFAULT NULL,
  `NAME_` varchar(255) COLLATE utf8_bin DEFAULT NULL,
  `DEPLOYMENT_ID_` varchar(64) COLLATE utf8_bin DEFAULT NULL,
  `BYTES_` longblob,
  `GENERATED_` tinyint(4) DEFAULT NULL,
  PRIMARY KEY (`ID_`),
  KEY `ACT_FK_BYTEARR_DEPL` (`DEPLOYMENT_ID_`),
  CONSTRAINT `ACT_FK_BYTEARR_DEPL` FOREIGN KEY (`DEPLOYMENT_ID_`) REFERENCES `act_re_deployment` (`ID_`)
) ENGINE=InnoDB DEFAULT CHARSET=utf8 COLLATE=utf8_bin;

#
# Data for table "act_ge_bytearray"
#

INSERT INTO `act_ge_bytearray` VALUES ('142518',9,'source',NULL,X'7B227265736F757263654964223A22313432353137222C2270726F70657274696573223A7B2270726F636573735F6964223A2270726F636573735F6C65617665222C226E616D65223A22E8AFB7E58187E6B581E7A88B222C22646F63756D656E746174696F6E223A22222C2270726F636573735F617574686F72223A22222C2270726F636573735F76657273696F6E223A22222C2270726F636573735F6E616D657370616365223A22687474703A2F2F7777772E61637469766974692E6F72672F70726F63657373646566222C22657865637574696F6E6C697374656E657273223A22222C226576656E746C697374656E657273223A22222C227369676E616C646566696E6974696F6E73223A22222C226D657373616765646566696E6974696F6E73223A22222C22636F6E646974696F6E73657175656E6365666C6F77223A22247B666C61673D3D747275657D227D2C227374656E63696C223A7B226964223A2242504D4E4469616772616D227D2C226368696C64536861706573223A5B7B227265736F757263654964223A227369642D41343530344644322D303230342D343246352D393036312D344134323938324442343938222C2270726F70657274696573223A7B226F766572726964656964223A227374617274222C226E616D65223A227374617274222C22646F63756D656E746174696F6E223A22222C22657865637574696F6E6C697374656E657273223A22222C22696E69746961746F72223A22222C22666F726D6B6579646566696E6974696F6E223A22222C22666F726D70726F70657274696573223A22227D2C227374656E63696C223A7B226964223A2253746172744E6F6E654576656E74227D2C226368696C64536861706573223A5B5D2C226F7574676F696E67223A5B7B227265736F757263654964223A227369642D30443235384332342D314631392D343233332D413937362D413044384342394441454143227D5D2C22626F756E6473223A7B226C6F7765725269676874223A7B2278223A37352C2279223A38342E39393939393733353039303436347D2C2275707065724C656674223A7B2278223A34352E30303030303030303030303030312C2279223A35342E39393939393733353039303436337D7D2C22646F636B657273223A5B5D7D2C7B227265736F757263654964223A227369642D34363841393635452D393339422D343733312D413232392D353137384436413042423834222C2270726F70657274696573223A7B226F766572726964656964223A227573657231222C226E616D65223A22E7BB8FE79086E5AEA1E689B9222C22646F63756D656E746174696F6E223A22222C226173796E6368726F6E6F7573646566696E6974696F6E223A2266616C7365222C226578636C7573697665646566696E6974696F6E223A2266616C7365222C22657865637574696F6E6C697374656E657273223A22222C226D756C7469696E7374616E63655F74797065223A224E6F6E65222C226D756C7469696E7374616E63655F63617264696E616C697479223A22222C226D756C7469696E7374616E63655F636F6C6C656374696F6E223A22222C226D756C7469696E7374616E63655F7661726961626C65223A22222C226D756C7469696E7374616E63655F636F6E646974696F6E223A22222C226973666F72636F6D70656E736174696F6E223A2266616C7365222C22757365727461736B61737369676E6D656E74223A22222C22666F726D6B6579646566696E6974696F6E223A22222C2264756564617465646566696E6974696F6E223A22222C227072696F72697479646566696E6974696F6E223A22222C22666F726D70726F70657274696573223A22222C227461736B6C697374656E657273223A7B227461736B4C697374656E657273223A5B7B226576656E74223A22637265617465222C22696D706C656D656E746174696F6E223A22636F6D2E6C656E2E6163746C697374656E65722E4163744E6F64654C697374656E6572222C22636C6173734E616D65223A22636F6D2E6C656E2E6163746C697374656E65722E4163744E6F64654C697374656E6572222C2265787072657373696F6E223A22222C2264656C656761746545787072657373696F6E223A22227D5D7D7D2C227374656E63696C223A7B226964223A22557365725461736B227D2C226368696C64536861706573223A5B5D2C226F7574676F696E67223A5B7B227265736F757263654964223A227369642D35343537313339312D463242332D344342342D383041302D303932444130323737334137227D5D2C22626F756E6473223A7B226C6F7765725269676874223A7B2278223A3235302C2279223A3130392E39393939393733353039303436347D2C2275707065724C656674223A7B2278223A3135302E30303030303030303030303030332C2279223A32392E39393939393733353039303436347D7D2C22646F636B657273223A5B5D7D2C7B227265736F757263654964223A227369642D30443235384332342D314631392D343233332D413937362D413044384342394441454143222C2270726F70657274696573223A7B226F766572726964656964223A22222C226E616D65223A22222C22646F63756D656E746174696F6E223A22222C22636F6E646974696F6E73657175656E6365666C6F77223A22222C22657865637574696F6E6C697374656E657273223A22222C2264656661756C74666C6F77223A2266616C7365227D2C227374656E63696C223A7B226964223A2253657175656E6365466C6F77227D2C226368696C64536861706573223A5B5D2C226F7574676F696E67223A5B7B227265736F757263654964223A227369642D34363841393635452D393339422D343733312D413232392D353137384436413042423834227D5D2C22626F756E6473223A7B226C6F7765725269676874223A7B2278223A3134392E37383132352C2279223A36392E39393939393733353039303436347D2C2275707065724C656674223A7B2278223A37352E32313837352C2279223A36392E39393939393733353039303436347D7D2C22646F636B657273223A5B7B2278223A31342E3939393939393939393939393939362C2279223A31357D2C7B2278223A34392E3939393939393939393939393938362C2279223A34307D5D2C22746172676574223A7B227265736F757263654964223A227369642D34363841393635452D393339422D343733312D413232392D353137384436413042423834227D7D2C7B227265736F757263654964223A227369642D37363845453443392D333233432D343744422D423438302D344230323746333136433835222C2270726F70657274696573223A7B226F766572726964656964223A227573657232222C226E616D65223A22E4BABAE4BA8BE5AEA1E689B9222C22646F63756D656E746174696F6E223A22222C226173796E6368726F6E6F7573646566696E6974696F6E223A2266616C7365222C226578636C7573697665646566696E6974696F6E223A2266616C7365222C22657865637574696F6E6C697374656E657273223A22222C226D756C7469696E7374616E63655F74797065223A224E6F6E65222C226D756C7469696E7374616E63655F63617264696E616C697479223A22222C226D756C7469696E7374616E63655F636F6C6C656374696F6E223A22222C226D756C7469696E7374616E63655F7661726961626C65223A22222C226D756C7469696E7374616E63655F636F6E646974696F6E223A22222C226973666F72636F6D70656E736174696F6E223A2266616C7365222C22757365727461736B61737369676E6D656E74223A22222C22666F726D6B6579646566696E6974696F6E223A22222C2264756564617465646566696E6974696F6E223A22222C227072696F72697479646566696E6974696F6E223A22222C22666F726D70726F70657274696573223A22222C227461736B6C697374656E657273223A7B227461736B4C697374656E657273223A5B7B226576656E74223A22637265617465222C22696D706C656D656E746174696F6E223A22636F6D2E6C656E2E6163746C697374656E65722E4163744E6F64654C697374656E6572222C22636C6173734E616D65223A22636F6D2E6C656E2E6163746C697374656E65722E4163744E6F64654C697374656E6572222C2265787072657373696F6E223A22222C2264656C656761746545787072657373696F6E223A22227D5D7D7D2C227374656E63696C223A7B226964223A22557365725461736B227D2C226368696C64536861706573223A5B5D2C226F7574676F696E67223A5B7B227265736F757263654964223A227369642D33334642463234452D464537302D343730412D394442352D394231383831453133383437227D5D2C22626F756E6473223A7B226C6F7765725269676874223A7B2278223A3535342E353435343431333138323233312C2279223A3130392E39393939393634353638333530367D2C2275707065724C656674223A7B2278223A3435342E353435343431333138323233322C2279223A32392E3939393939363435363833353036337D7D2C22646F636B657273223A5B5D7D2C7B227265736F757263654964223A227369642D35353636443037362D414234432D344134322D393938462D323533373738394638313831222C2270726F70657274696573223A7B226F766572726964656964223A22222C226E616D65223A22222C22646F63756D656E746174696F6E223A22222C226173796E6368726F6E6F7573646566696E6974696F6E223A2266616C7365222C226578636C7573697665646566696E6974696F6E223A2266616C7365222C2273657175656E6365666C6F776F72646572223A22227D2C227374656E63696C223A7B226964223A224578636C757369766547617465776179227D2C226368696C64536861706573223A5B5D2C226F7574676F696E67223A5B7B227265736F757263654964223A227369642D46423539344242452D383030352D344544432D423343382D393738314544323236433935227D2C7B227265736F757263654964223A227369642D34373638373538312D333535422D343335342D383433432D433330343233333238364146227D5D2C22626F756E6473223A7B226C6F7765725269676874223A7B2278223A3730302E303030303030303030303030312C2279223A38392E39393939393733353039303436347D2C2275707065724C656674223A7B2278223A3636302E303030303030303030303030312C2279223A34392E39393939393733353039303436347D7D2C22646F636B657273223A5B5D7D2C7B227265736F757263654964223A227369642D33334642463234452D464537302D343730412D394442352D394231383831453133383437222C2270726F70657274696573223A7B226F766572726964656964223A22222C226E616D65223A22222C22646F63756D656E746174696F6E223A22222C22636F6E646974696F6E73657175656E6365666C6F77223A22222C22657865637574696F6E6C697374656E657273223A22222C2264656661756C74666C6F77223A2266616C7365227D2C227374656E63696C223A7B226964223A2253657175656E6365466C6F77227D2C226368696C64536861706573223A5B5D2C226F7574676F696E67223A5B7B227265736F757263654964223A227369642D35353636443037362D414234432D344134322D393938462D323533373738394638313831227D5D2C22626F756E6473223A7B226C6F7765725269676874223A7B2278223A3635392E353637363531363836373836382C2279223A37302E343430353134393838323432347D2C2275707065724C656674223A7B2278223A3535352E303332363536393130303136322C2279223A37302E31343334363333343436373330357D7D2C22646F636B657273223A5B7B2278223A34392E39393939393939393939393939342C2279223A34307D2C7B2278223A32302E352C2279223A32302E3439393939393939393939393939367D5D2C22746172676574223A7B227265736F757263654964223A227369642D35353636443037362D414234432D344134322D393938462D323533373738394638313831227D7D2C7B227265736F757263654964223A227369642D42453337324431342D463530392D344544422D383745382D374232313037383335414535222C2270726F70657274696573223A7B226F766572726964656964223A22222C226E616D65223A22222C22646F63756D656E746174696F6E223A22222C226173796E6368726F6E6F7573646566696E6974696F6E223A2266616C7365222C226578636C7573697665646566696E6974696F6E223A2266616C7365222C2273657175656E6365666C6F776F72646572223A22227D2C227374656E63696C223A7B226964223A224578636C757369766547617465776179227D2C226368696C64536861706573223A5B5D2C226F7574676F696E67223A5B7B227265736F757263654964223A227369642D41453541454438342D303734362D343738372D393836462D364137393237433334433334227D2C7B227265736F757263654964223A227369642D35313046453036322D433042432D343643382D394231372D384133383037324132424336227D5D2C22626F756E6473223A7B226C6F7765725269676874223A7B2278223A3335352E303030303030303030303030312C2279223A38392E39393939393733353039303436347D2C2275707065724C656674223A7B2278223A3331352E303030303030303030303030312C2279223A34392E39393939393733353039303436347D7D2C22646F636B657273223A5B5D7D2C7B227265736F757263654964223A227369642D42324633433135342D434432322D343230412D424538422D363836444534373531423731222C2270726F70657274696573223A7B226F766572726964656964223A2275736572222C226E616D65223A22E8B083E695B4222C22646F63756D656E746174696F6E223A22222C226173796E6368726F6E6F7573646566696E6974696F6E223A2266616C7365222C226578636C7573697665646566696E6974696F6E223A2266616C7365222C22657865637574696F6E6C697374656E657273223A22222C226D756C7469696E7374616E63655F74797065223A224E6F6E65222C226D756C7469696E7374616E63655F63617264696E616C697479223A22222C226D756C7469696E7374616E63655F636F6C6C656374696F6E223A22222C226D756C7469696E7374616E63655F7661726961626C65223A22222C226D756C7469696E7374616E63655F636F6E646974696F6E223A22222C226973666F72636F6D70656E736174696F6E223A2266616C7365222C22757365727461736B61737369676E6D656E74223A22222C22666F726D6B6579646566696E6974696F6E223A22222C2264756564617465646566696E6974696F6E223A22222C227072696F72697479646566696E6974696F6E223A22222C22666F726D70726F70657274696573223A22222C227461736B6C697374656E657273223A7B227461736B4C697374656E657273223A5B7B226576656E74223A22637265617465222C22696D706C656D656E746174696F6E223A22636F6D2E6C656E2E6163746C697374656E65722E4C656176654C697374656E6572496D706C222C22636C6173734E616D65223A22636F6D2E6C656E2E6163746C697374656E65722E4C656176654C697374656E6572496D706C222C2265787072657373696F6E223A22222C2264656C656761746545787072657373696F6E223A22227D5D7D7D2C227374656E63696C223A7B226964223A22557365725461736B227D2C226368696C64536861706573223A5B5D2C226F7574676F696E67223A5B7B227265736F757263654964223A227369642D39394343413337462D413233352D343835332D383437322D444532333341443245443332227D2C7B227265736F757263654964223A227369642D30344339463239412D304242352D343639312D383034432D373634453445304132373136227D5D2C22626F756E6473223A7B226C6F7765725269676874223A7B2278223A3338352E303030303030303030303030332C2279223A3237357D2C2275707065724C656674223A7B2278223A3238352E30303030303030303030303030362C2279223A3139352E30303030303030303030303030337D7D2C22646F636B657273223A5B5D7D2C7B227265736F757263654964223A227369642D46313234303339432D394237422D344134382D384531332D413635353335384246443345222C2270726F70657274696573223A7B226F766572726964656964223A22656E64222C226E616D65223A22656E64222C22646F63756D656E746174696F6E223A22222C22657865637574696F6E6C697374656E657273223A22227D2C227374656E63696C223A7B226964223A22456E644E6F6E654576656E74227D2C226368696C64536861706573223A5B5D2C226F7574676F696E67223A5B5D2C22626F756E6473223A7B226C6F7765725269676874223A7B2278223A3835332E303030303030303030303030322C2279223A38332E39393939393733353039303436347D2C2275707065724C656674223A7B2278223A3832352E303030303030303030303030322C2279223A35352E39393939393733353039303436347D7D2C22646F636B657273223A5B5D7D2C7B227265736F757263654964223A227369642D35343537313339312D463242332D344342342D383041302D303932444130323737334137222C2270726F70657274696573223A7B226F766572726964656964223A22222C226E616D65223A22222C22646F63756D656E746174696F6E223A22222C22636F6E646974696F6E73657175656E6365666C6F77223A22222C22657865637574696F6E6C697374656E657273223A22222C2264656661756C74666C6F77223A2266616C7365227D2C227374656E63696C223A7B226964223A2253657175656E6365466C6F77227D2C226368696C64536861706573223A5B5D2C226F7574676F696E67223A5B7B227265736F757263654964223A227369642D42453337324431342D463530392D344544422D383745382D374232313037383335414535227D5D2C22626F756E6473223A7B226C6F7765725269676874223A7B2278223A3331342E333836373235353538313136372C2279223A37302E34323230383835383931323634377D2C2275707065724C656674223A7B2278223A3235302E37353338393934343138383334322C2279223A37302E313837323831313132363832387D7D2C22646F636B657273223A5B7B2278223A34392E39393939393939393939393939392C2279223A34307D2C7B2278223A32302E352C2279223A32302E3439393939393939393939393939367D5D2C22746172676574223A7B227265736F757263654964223A227369642D42453337324431342D463530392D344544422D383745382D374232313037383335414535227D7D2C7B227265736F757263654964223A227369642D41453541454438342D303734362D343738372D393836462D364137393237433334433334222C2270726F70657274696573223A7B226F766572726964656964223A22222C226E616D65223A22E5908CE6848F222C22646F63756D656E746174696F6E223A22222C22636F6E646974696F6E73657175656E6365666C6F77223A22247B666C61673D3D747275657D222C22657865637574696F6E6C697374656E657273223A22222C2264656661756C74666C6F77223A2266616C7365227D2C227374656E63696C223A7B226964223A2253657175656E6365466C6F77227D2C226368696C64536861706573223A5B5D2C226F7574676F696E67223A5B7B227265736F757263654964223A227369642D37363845453443392D333233432D343744422D423438302D344230323746333136433835227D5D2C22626F756E6473223A7B226C6F7765725269676874223A7B2278223A3435342E303230343134303536323536372C2279223A37302E34343233353139373631383238337D2C2275707065724C656674223A7B2278223A3335342E3938393334303736393934392C2279223A37302E31343934333838373037303234377D7D2C22646F636B657273223A5B7B2278223A32302E352C2279223A32302E3439393939393939393939393939367D2C7B2278223A34392E39393939393939393939393939342C2279223A34307D5D2C22746172676574223A7B227265736F757263654964223A227369642D37363845453443392D333233432D343744422D423438302D344230323746333136433835227D7D2C7B227265736F757263654964223A227369642D34373638373538312D333535422D343335342D383433432D433330343233333238364146222C2270726F70657274696573223A7B226F766572726964656964223A22222C226E616D65223A22E5908CE6848F222C22646F63756D656E746174696F6E223A22222C22636F6E646974696F6E73657175656E6365666C6F77223A22247B666C61673D3D747275657D222C22657865637574696F6E6C697374656E657273223A22222C2264656661756C74666C6F77223A2266616C7365227D2C227374656E63696C223A7B226964223A2253657175656E6365466C6F77227D2C226368696C64536861706573223A5B5D2C226F7574676F696E67223A5B7B227265736F757263654964223A227369642D46313234303339432D394237422D344134382D384531332D413635353335384246443345227D5D2C22626F756E6473223A7B226C6F7765725269676874223A7B2278223A3832342E333738393131323235363332312C2279223A37302E34333832343930343234363831347D2C2275707065724C656674223A7B2278223A3730302E303734323133373734333638332C2279223A37302E30343631323036353933343131337D7D2C22646F636B657273223A5B7B2278223A32302E352C2279223A32302E357D2C7B2278223A31342C2279223A31332E3939393939393939393939393939367D5D2C22746172676574223A7B227265736F757263654964223A227369642D46313234303339432D394237422D344134382D384531332D413635353335384246443345227D7D2C7B227265736F757263654964223A227369642D46423539344242452D383030352D344544432D423343382D393738314544323236433935222C2270726F70657274696573223A7B226F766572726964656964223A22222C226E616D65223A22E4B88DE5908CE6848F222C22646F63756D656E746174696F6E223A22222C22636F6E646974696F6E73657175656E6365666C6F77223A22247B666C61673D3D66616C73657D222C22657865637574696F6E6C697374656E657273223A22222C2264656661756C74666C6F77223A2266616C7365222C2273686F776469616D6F6E646D61726B6572223A66616C73657D2C227374656E63696C223A7B226964223A2253657175656E6365466C6F77227D2C226368696C64536861706573223A5B5D2C226F7574676F696E67223A5B7B227265736F757263654964223A227369642D42324633433135342D434432322D343230412D424538422D363836444534373531423731227D5D2C22626F756E6473223A7B226C6F7765725269676874223A7B2278223A3638302E353030303030303030303030312C2279223A3233352E30303030303030303030303030367D2C2275707065724C656674223A7B2278223A3338352E353739313031353632353030312C2279223A39302E373737333431343131333435357D7D2C22646F636B657273223A5B7B2278223A32302E352C2279223A32302E357D2C7B2278223A3638302E353030303030303030303030312C2279223A3233352E30303030303030303030303030367D2C7B2278223A39392C2279223A34302E3030303030303030303030303031347D5D2C22746172676574223A7B227265736F757263654964223A227369642D42324633433135342D434432322D343230412D424538422D363836444534373531423731227D7D2C7B227265736F757263654964223A227369642D39394343413337462D413233352D343835332D383437322D444532333341443245443332222C2270726F70657274696573223A7B226F766572726964656964223A22222C226E616D65223A22E9878DE696B0E794B3E8AFB7222C22646F63756D656E746174696F6E223A22222C22636F6E646974696F6E73657175656E6365666C6F77223A22247B666C61673D3D747275657D222C22657865637574696F6E6C697374656E657273223A22222C2264656661756C74666C6F77223A2266616C7365222C2273686F776469616D6F6E646D61726B6572223A66616C73657D2C227374656E63696C223A7B226964223A2253657175656E6365466C6F77227D2C226368696C64536861706573223A5B5D2C226F7574676F696E67223A5B7B227265736F757263654964223A227369642D34363841393635452D393339422D343733312D413232392D353137384436413042423834227D5D2C22626F756E6473223A7B226C6F7765725269676874223A7B2278223A3238352E30303030303030303030303030362C2279223A3233352E303030303030303030303030317D2C2275707065724C656674223A7B2278223A3230302C2279223A3131302E39363039333534393234383234367D7D2C22646F636B657273223A5B7B2278223A302E393939393939393939393939393939392C2279223A34302E30303030303030303030303030377D2C7B2278223A3230302C2279223A3233352E303030303030303030303030317D2C7B2278223A34392E3939393939393939393939393938362C2279223A34307D5D2C22746172676574223A7B227265736F757263654964223A227369642D34363841393635452D393339422D343733312D413232392D353137384436413042423834227D7D2C7B227265736F757263654964223A227369642D35313046453036322D433042432D343643382D394231372D384133383037324132424336222C2270726F70657274696573223A7B226F766572726964656964223A22222C226E616D65223A22E4B88DE5908CE6848F222C22646F63756D656E746174696F6E223A22222C22636F6E646974696F6E73657175656E6365666C6F77223A22247B666C61673D3D66616C73657D222C22657865637574696F6E6C697374656E657273223A22222C2264656661756C74666C6F77223A2266616C7365227D2C227374656E63696C223A7B226964223A2253657175656E6365466C6F77227D2C226368696C64536861706573223A5B5D2C226F7574676F696E67223A5B7B227265736F757263654964223A227369642D42324633433135342D434432322D343230412D424538422D363836444534373531423731227D5D2C22626F756E6473223A7B226C6F7765725269676874223A7B2278223A3333352E34333833363637353034313136362C2279223A3139342E31363031363032323737313137347D2C2275707065724C656674223A7B2278223A3333352E31323431333332343935383835372C2279223A39302E37373733333637393230353539367D7D2C22646F636B657273223A5B7B2278223A32302E352C2279223A32302E357D2C7B2278223A35302E3030303030303030303030303131342C2279223A33392E3939393939393939393939393938367D5D2C22746172676574223A7B227265736F757263654964223A227369642D42324633433135342D434432322D343230412D424538422D363836444534373531423731227D7D2C7B227265736F757263654964223A227369642D30344339463239412D304242352D343639312D383034432D373634453445304132373136222C2270726F70657274696573223A7B226F766572726964656964223A22222C226E616D65223A22E58F96E6B688E8AFB7E58187222C22646F63756D656E746174696F6E223A22222C22636F6E646974696F6E73657175656E6365666C6F77223A22247B666C61673D3D66616C73657D222C22657865637574696F6E6C697374656E657273223A22222C2264656661756C74666C6F77223A2266616C7365222C2273686F776469616D6F6E646D61726B6572223A66616C73657D2C227374656E63696C223A7B226964223A2253657175656E6365466C6F77227D2C226368696C64536861706573223A5B5D2C226F7574676F696E67223A5B7B227265736F757263654964223A227369642D46313234303339432D394237422D344134382D384531332D413635353335384246443345227D5D2C22626F756E6473223A7B226C6F7765725269676874223A7B2278223A3833392E303030303030303030303030322C2279223A3332317D2C2275707065724C656674223A7B2278223A3333352E30303030303030303030303031372C2279223A38342E37323635353939393537373730327D7D2C22646F636B657273223A5B7B2278223A35302E3030303030303030303030303131342C2279223A37382E39393939393939393939393939377D2C7B2278223A3333352E30303030303030303030303031372C2279223A3332317D2C7B2278223A3833392E303030303030303030303030322C2279223A3332317D2C7B2278223A31342C2279223A31332E3939393939393939393939393939367D5D2C22746172676574223A7B227265736F757263654964223A227369642D46313234303339432D394237422D344134382D384531332D413635353335384246443345227D7D5D2C22626F756E6473223A7B226C6F7765725269676874223A7B2278223A313230302C2279223A313035307D2C2275707065724C656674223A7B2278223A302C2279223A307D7D2C227374656E63696C736574223A7B2275726C223A227374656E63696C736574732F62706D6E322E302F62706D6E322E302E6A736F6E222C226E616D657370616365223A22687474703A2F2F62336D6E2E6F72672F7374656E63696C7365742F62706D6E322E3023227D2C227373657874656E73696F6E73223A5B5D7D',NULL),('142519',7,'source-extra',NULL,X'89504E470D0A1A0A0000000D49484452000003870000017308060000008D717CB0000000206348524D00007A26000080840000FA00000080E8000075300000EA6000003A98000017709CBA513C0000000467414D410000B18E7CFB5193000000017352474200AECE1CE900000006624B474400FF00FF00FFA0BDA793000000097048597300000EC400000EC401952B0E1B000020004944415478DAEDDD077C5455DAF8F133E9A1841288A14A559466C1B22E2AFA22A06B4111490C2A2AAEAFE5B5FC755504165450B1B27617150491203694559A8880055730405040A49700218D402690CCFC9FE7CE9D30840402A44CF97D3F9FC73B73A710CFDC39739E7BCE3DC71800000000000000000000000000000000000000000000000000000000000000000000000000000000000000000000000000000000000000000000000000000000000000000000000000000000000000000000000000000000000000000000000000000000000000000000000000000000000000000000000000000000000000000000000000000000000000000000000000000000000000008EC04111A03ACD9E3DFB0C87C3D14F6EF690E8261143A99CB022893489F9129F5C76D9653F512400F517F5170080E4107E69D6AC591DC2C2C2FE1511117166E3C68DB7346AD4A849BD7AF512651F8573825C2ED7C6ECECECF48C8C8CBCACACACAE6EB77B9BEC7BB077EFDEE9940E5069F5D7CB125DE2E3E357262424346ED0A081EE23393CF1FACB999797F7DB8E1D3B76676666B62E2E2EDE40FD05002487086273E7CEEDE970383E6AD9B265718B162D1AC96D0AA5EA6C484F4F9F2349E25552CE77F4ECD9730645029C58FDE576BB27376DDA7475DBB66DFF22DFAB084AA5EAAC5BB76EF1962D5B5A4B39DF4EFD0500D52F9C22405537AC2223233FEED4A953FD8484845A2486554ECBF9ECBA75EBCEDAB56BD7E09B6FBE79EDC48913D7502CC0F1D55F5267BDDBA54B9768490E3BC86D863A54B1060D1A348F8F8FDFBF73E7CECB6FBAE9A6D5D45F0040728820A143B1222222BE95C4B06E5C5C1C05528D6263634F9704F11B6960DD3370E0C0591F7CF0C14E4A0538B6FA2B2C2CEC3F921846D5AB572F9E12A93E515151B10D1B360CCFC8C8B8322525E52BEA2F00A83E0C8F4195898989F9A0458B16B5CA4B0C0BF377985D6B679B7DD9EB8DDBED32B1F54F3609ED7A9998B866145E2590C6553F89715959592FCBDDCB2811A0E2F41AC3962D5B164862D8A2ACC7B5CECADAB8C8E46CFDC51C28C83211D171262EB18B896F75B1098F8CA5004F509D3A756AB56EDDDAB97EFDFA57E4EEA5940800540F7A0E5125162C5870AEC3E118D2A14387F0B286926A62B879E97BC6B967BB34B28AA5A5E5920656B6C9CB586E6AC7B7B31A5A3871090909F19B366D8AB9E9A69B964E9A34690B25021C9DCE4A1A191939A453A74E89E50D85DFB16ABA24870B8DABA8C0BAEF2A2E3405B99B8C336F8B896B72866108FD898B8B8B8BDDBE7D7BAD94949445D45F00503DB87E0255222626E691264D9A4496D740D24655D1FEBD87ED7715EF3799EBE7538095A755C3860D97C9B61F4501548C2E5791989858545EFDA53D85B9DB9696F9988E84D89BB99A42AC24F23B124EFD050024870870070E1CE85EAF5EBD721F2FC8DB5AEE63DAAB88CA238D5CED86ED41490015131E1EDE273E3EFEA472EBAFDC2DD6B052EAB0AAD7A0418346F2795C41490040F5E09A435409A7D39950B76EDD721F77171F28FFC5476874E1B81A579D64C3859C4005B95CAEAE47ACBF5C45477CBD9B3AACD2D4A953C714171777A0240080E41081DDB872B0C0BD7F90CFE1644A01A838B7DB1D49FDE537F597B5A12400A09AEA5D8A00000000004072881A1119DBA0DCC722A2EB52400002B2FE52E1517528240000C92150510D5B5E6022A26A1FDEA88A8C350D4FEE4E0101F05BBA266B9D46A796F998AED31A97703A8504002039042AAA4EE3D34CED321A57BABF6E42470A0880DF7238C2CC491DAE2AF3B184F67DE8390400901C02C7AAF840C161FB8A0AF7503000FCBFFE2A639D56EA300000C921708CF6EFDD65362D79D7E4EFFAFDB0C7F6EEFEC36CFA659CF51C00F047591B1799CDBF4E28F3B1ED2B3F363BD67CC57216008080C45216A856B9DB969A5D6B6799A272CEBAAB7D391BCD869FDF348DDBF634F55B9C6F0DE102809A76C0996376ACFAD2E467AE2EF7399A14666FFAC13873379B26A75F67A26A37A6E000002487802FED09D4B3E9DA335811AEE2FDD6F3F7ECFADD249C728589A9DB8442045063B2B7FC6C32FF9C53E670F8B2144872B87EF1EBA651EB1EA661AB8B38C905000808FC5AA15A684F604513435FFBB2D79B8DFF7D9B0284DF193468507D4A2134E830D21DABBEA87062E8E57615995D7FCEB55E0F803A162039046CDA1378BCB48105F8931B6EB8A1A7D3E9CC4E4E4EEE4369507F518701D4B140B0605829AA45879EA3280404851B6FBCF10CB7DB3DF58C33CED89196963655EE5FFCE1871FA65132C1AB519B4BAD00401D0B043B7A0E01E0D81A2DDF0C1A34C8FDC8238F9C74FFFDF73BE5FE77494949DD281D00A08E05480E01200424272777D046CB4D37DD54D0AB57AF78DD77DE79E7254823668FC3E1982E8D97567EFEBFD0814F1100752CF52C70240C2B0580A3D046495858D8D7D75D779DEBF2CB2F6FE6FB9834629A498366D3C4891317C8F32E4A4D4DDD50457FC6BD12E9A5F6254AC4F8DCEF2771954F23C5E9F3588AC4629FF7D06B791695F19E00108A752CF52C10ECC9614A4A4AF3A2A2A2BE0E87E362B97B86FD05AF637F9133A4B24993C7BE0F0F0F4F9D3C79F2160E070065355A222222E64B83A59E345CCA9C3DAF77EFDE2D0B0A0AB64C9B364D873F5D5C458D974612F3CB794CEBB57C8956A5F6699D778DC4F712B3B4DEB31B2B6D255EB75F0300D4B1D4B321895C214492C3E4E464FD90FF2F2A2AEA7491D5BD7BF73AAD5BB78E6ADCB8718C3052C1ECCEC9C9D9BF62C58AE8050B165CBA7EFDFABBA4B2D924AF7977CA94291FF05501A0742AF5E2E2E2593D7BF68CBBF1C61B8F38AD7ADFBE7D9BE7E6E6FE3173E6CC85529F5C58458D17FD1B7AD83F5CDEFABBB9DD08B9B554DDFE8B7D7B95FEAF487C6CDFBF5362884491BD7F8644269F3600EAD89204F17A73688FE0B1D6B3B753CFFA7FAE209B7BE4F8EB2EEDFF98329EA2FB5AC9637A32A0AF3CEF7939EEE68742AE1054C9A13D2CE1EDBA75EB761D3C78709D33CF3CB3B664FA89A59F171B1BDB4CC23469D2E4945EBD7AE92EA754368B274D9AF4A0BCC79D7200DC3A6DDAB4B57C7580D06EB4B85CAE05E79E7B6E624A4A4A5C455E73CB2DB7B497C64BFA8F3FFEB8B07FFFFEE7483D9251C97F568EC4E715789E3664CEF079CD4F7652A9FE23D1D3AEFF37D889268D1600D4B11E5A1FBE7582F5EC2CEA59FFCD1564F3A6DBED3E9E65527AC8EB7A047BAE1034C9E180010392222323DFB8EEBAEB22AEBAEAAABA92141ECBCB63FAF4E9932C91F3C20B2F7CB264C99285C9C9C9FFA01711084DD2E8A8B37FFFFE79D268697ED75D77C51D4B7D72DF7DF775DAB76FDF9AB4B4B4AFA51EB94CEA91CA6E10781B1CDEB3DAE71BCFF52C337C9EB3C18E41C6734D4CE906D479C6735DCC0C3E6D00D4B115AA6775398D9965D4B3238D67E86826F5ACFFE70AB279D5787A872D7AEC75EAD449273F32EDDAB533F5EBD73775EBD635728C999C9C1CB361C306F3F3CF3F1BC90DDC4545450EFB65DDE575BFCAF1775730E60A41315BE9CD37DF7C4D5C5CDCBF870F1FDEA06FDFBEC79A18FAAAFFF0C30FDFFEF8E38FFFEC703846CB873E98AF12105A060D1A1453BB76ED19679D7556DB7BEFBDB7C1F1D4278F3DF6D8291D3B7674B85CAE39DA08AAE43F51CF56EB10A6F976C4D8F7CBB3C127BCD7BE78CF660300756CC5EAD945E53C5793C22DD4B37E9F185E296DFB49DEC4508FBB2BAFBCD2BCFCF2CB7A3C994B2EB9C4B468D1C24A0C55AD5AB54CD3A64DCD05175C601E78E001F3EAABAF3AF4F96161616EFB2DEBB8DDEE49C1982B047C723870E0C094D8D8D80F478F1E5DB77DFBF695F29E9D3B77BEFAB9E79EDB2C07D170F9D007F2950242A7D12295FD976DDBB63DF79E7BEE893B81134D66F8F0E15DE57DA22322223ED3F7ADE23FBDA882CFCBB41B2B0C6F02401D7B6C1A95B33F9F7AD6EF13C32469D37F6627EC56D2F7CC33CFE86434A671E3C6157A0FED51D4E73FFBECB38E66CD9A157BF7CBF13C2ED87285804E0E75DC705454D4B8871E7AA856453FDC8A920FFEAF8F3DF6589A7CE8CFEBDA3B7CB58090F0719B366DFEFAE8A38FC6EAE45527EAC9279F3C4D1A2F098585855F5672E345274B1824A117D4EBB52E89E53C4F8741C5D8CFD1B3EBDEB3DBDF98C3879A020075ECB1D5B311D4B3FE9F2B4862F8AA37313CF5D453CDC89123AD5EC2E3A1AF93E32EBC73E7CE6E9F04F1CD60CA15023A396CD0A0C167D75E7B6D6C65F51896A63D88679F7DF67FF4AC005F2F20B80D1E3C38352121A1E7C30F3F1C1B19195929EFA967C5E547A84B6262E2494EA773528F1E3D2AE33A6F9D0DEF358909C63339CD58E39908A1B44E76A3E554BBB132576284F19CCDD6FDED24AEE49307401D7B981915AC673B50CFFA37490CB50D6FF5FA6A8FE1430F3D543274F478E990D3071E78C0B707B14E30E50A013B21CDEDB7DFDE5F3E9C4EBD7BF7AED27F472AB17E2929299BB5CB98096A80E074D34D37BD5FAF5EBD6B860D1B16AD95BED20BD1EFBAEBAEC39EFBCA2BAF1C320C452F5A97FAE8B0E7BDFEFAEBA661C38656E3E5E9A79FEE2C3F48B1B27B9C345EEE983F7F7ED109FCB965AD99A59325E899EB689F7DB748FCC3BEAD67B4F5DFF49D5A5D1B3D0FD90D1E863F01A08E3D28F304EAD9077DEA596D37DE4F3D5B3374B90A49DA7A7A4F24E8B583279A18FA2688F7DF7F7FF8638F3DE676B95C3A514DF760C91502B6E7502A99676EBCF1C688CA3AFB7404F56FB9E596E57270DDC9D70C083E77DF7DF7AB8D1A351A3062C48818DF1F0DBDBE401B2EDE868C5561868599B7DE3A7486F37FFFFBDFC6B71E6AD0A0815E0B6D355ABC74F8D4D8B163DBC5C5C55D90989838EE38CF6E1F69F15D6D78E8040A53EDFBAD7C6EEB7698F1CCA8A717CEFFAFF1CCC01763278B34580050C71E4CF08EA79E7DDFA79EBD57E231BB9E8DA09EAD51F7786F5C7EF9E5C73D94B43CFA7E575D7595770653132CB942402687C3860D6BBB7FFFFED65DBB76AD967FAF57AF5EFDA4C26A6AAF8D1212E4FF75989E71A9C4211A80DF1D93F7DC73CF0BB2B973C89021D1659D4DBCE8A28B743DD492FB2E97CBAC5FBFDEFCF28B67DDE3D5AB579B152B569803070E58F72322228C344E4C9F3E872F9FA48D9B975F7EF96469C4FC8F345E5E3E8E3FF79DA33CAE672BD3ECDB1BCCC1C599D3EC068B377478D46B474936395E00EAD850AB638D5D3F1E4F3DBBAA543D3B3214EA597F3E265352529AEB9A847A5B7B0D3539AC0A7A2CCA71E9BDFEB07B30E40A01F9A359AF5EBD21AD5AB50A3B9159AE8E514CFBF6ED574925A51727BF1022DFC9A7E44B654E3AE9A40239D0BFD631DB4545458BA64D9B964F75851A3E2673E4989C21C7E4E4133926EFBDF7DE31F2FAFB9F7CF2C988234D6825CF3343870EB58636A9828202F3CE3BEF5817B5BFFAEAAB25FB959E01FFFBDFFF6ECAAB9BE4F1E83163C6243CF2C823FD070C18B07AEAD4A9AFF1B156F9F1922BC7CB97277ABC54176D1C6BEF4945E5E7E75BC7DDB1BC06A88EEF0C752C2AF198DC239FE71752CF7D50D163529ED7578E612BCFD1CE24DF9EE6CAA43DE0679F7DB663F1E2C5DE5D019F2B04E4AF495E5EDEC5BA606575BAE0820BB4DBF8E250FB56CA174BC7F05F275FCEAFA532DE9E9C9CFC91449F6A9A36BA429E7EFA699391E199106CD9B26566E6CC9925F1E69B6F9A4D9B369534BABCE6CE9D6B2D6AFAFEFBEF9B2FBEF8E290B8EFBEFBCAFDB77478CBCE9D3B8FF8F7E8B511FADE4EA753AFB3D00ACA535B5C7F7DC96D9CD031595F3603ED6372BD3462C61FEB31F9F0C30FDFB77FFFFE87860F1F1E71B4998E131313AD3383B1B1B125FBB4B1327AF468AD8B4AF6E959F1BFFCE52FA64D9B36477CBF848484E8175F7CB14E7474F423F2B7FF2F9F68951F2FF57C8E970DC773BC5427AD93A4E153E1E72F58B04067CE3B649F3488ADA4913A0C35F59DA18E45251F93752552EC63724B458E49797E499BFDDC73CFADD2BFAFD4FB077CAE10903D873939392D4F3EF9E46AFD373B77EEDC5636B542FCFBA9B331F5976D7F693414CA1753D78C99BA7DFBF6199570F1F771D1844FAF3FD01F17D5B1634773DA69A7953CFEE8A38F9A1B6EB8C1BABD74E952B365CB163371E244BD48D96CDDBAD57AEDD5575F6D5DF7A089A4FAFAEBAF4B5EAFC35974888BEFBFF7C61B6F98B3CE3AAB64DFF2E5CB4DBF7EFD4AFEDDA8A828ABA2901F4673E9A5975AC36094FE407A6FA3D2E80C6483E4B81C24C764BEFC607C2C3F08D38F744CDE7DF7DDF7666767BFF4F8E38F87EBCC651571DD75D799EFBEFBCE3AA3AD7488939E74D0339A2595A97CB6DE63ED68E2E3E36B3FFFFCF3C50F3DF4D02839168BA64C99F20E1F65B5883FD6E3A5BA690F6079C39FF498D37ACCB79750EF2B3DB1E5FB1E9B376FB6EA24EA3054F777863A1655AC9ECF3159209FAF9E4DFBAC8C63F20CEF8DA39D503851AD5AB53265FDBB2487D5282F2F2F52BB71AB93FC7BF5EC03121ED1F2C54C926D922466F9F2E59C27B7DF8C8E8E9E3F61C2046775FD1152115867B6B52770F7EEDDBAD069C963DA8B78F1C517EB8F8475BF5BB76E567CFBEDB7A67FFFFE66D1A2455682A867D8F56C785967DAF57D1F7CF0C192FB7A365DCF64F6EC694D7E659D59D7B3F0DAA8D2469AFE986DD8B0C15A434787C4A07A4F5E787F30E498CC946352A7147FDFF7981C3264C8EDF279BDAC8D9663F9B1D0214CFFF77FFF67A4B161F6EEDD6BEDF36DB4687D74DB6DB71D32B1C2D1242424C43DF9E4937B860D1BF69234B8725253533FE623ACB1E3254B8E97D9DEE3A526FF289DC1D19BD895D6B2654B2B9E7BEE39D3A143D94B6A7DF0C107E6A38F3EA20E43557F6776CB77660E752C6A58AC1C2737CBF6663926F3E4739EED7038DED56352EAB644DFE3A78A7304DFBB8D480E6B406161A1A332164F3D1692389CA45B39F046F25D3CFC0743BE9C57CBF66A6D684819ADDFB56B5795FFA3DAA0D1864E7676B6D5A8D121283E9F9779EFBDF74C794B9D788755FDF1C71FD67BECD8B1C3DAFAD246D215575C616DBD3D937FFEF9A78E7DB7CEA8ABD9B3679B6BAEB9C6BAAD67E23566CD9A6535ACF4396FBFFDB6F51C3D5BAFF7B76DDB660DEB7AECB1C74C751DC399999956F984D8B1DBC87BF2428FC9010306AC95CF6D724646C6706928871DCF59446D2877EEDCD93A4E7C87286B2F4DF3E6CDAD130FC7AA75EBD675EFBEFBEE9CD75E7BED7D7BCAEDB5542735A2A1EFF1A2C33A9B356B66DAB66D5BED7F8826665A2F95951C96B4866263AD110F4A7BF99477820EDF910FC15287697DCE6FAFDF890F943A76E8D0A159A3468D7A9B3A36E8C5495C2F9FF1F57A4CFAAAACE52BCA53EAA4454CA01764402687FA83A41F7C752688DF7CF38DF7E608BE7F47AF8FB572D7614A557D1C74E9D2C56AF49C73CE3987247E13264C3063C68C317BF6ECB17A1675DD246D20E9F02A8D7FFDEB5FA65DBB76D6EB75D894360675ABBCD7FBE8197A6D0C0D1F3EDC5C72C925D6BEF4F474ABB7D1DBB0D204D47778962FFD71D36B21CF3CF34C6B3896FE2DEBD6ADB3CED8FBFEF055B5850B179A5F7FFD35A48F5D87C3D14E8E8B113A5C4F1B1FC74BA74FF7B9E8DCA267B7AFBDF6DAE37ECFEDDBB7D7B7DF2785AAC33F68CF9AF6BE0D1932A4DAFF6D4D4ABD3D27E566B20D1B960C23F50E2BF5D649BE27C482A50E5BB3660DBFBDD4B1C7FD9EA79F7E7AC3A64D9BEE91E39E3A364469DD559509A2EFA449C6B38409C961B59F1A888B2BCAC9C989F09E09AD0E9244644D9F3E5DCBEBE510F92E55E48758C77C680B21BCD48FC4BA6EDDBAB5A986E3C074EFDEDDFCF6DB6F562348E924347AE2E091471E294920870D1B665DC7A0B35569E8B052ED65D4B3E17A8D83D2B3F5DEC656E9464FFBF6EDAD7F47698FA84EBB7DFEF9E75BF7BFFCF24BEB8CA69736B8B4F1A4134268634C1350EF6B7578ABF77675BAF0C20BCDC68D1B35417C22048EC9F21A2EEB6AD7AE3DE9FBEFBF1F76EAA9A7869F77DE79C7F53E1F7EF8A1BED721C39DF4ACB6D40DDA0039AEF7AC55AB5696BCA79E76FC84B3DAD57EBCB8A4CC5DDE19ED7CEB96AA3EB95516AD5FF4DFD63A487BCBEAD4A973D873F4BA693996CB7D8F4F3EF9C4AAE75AB76E1D3475D829A79C120CF557D0D7B172BCBE2375EC53FE56C72E5AB468D7B66DDBA274F655EAD8D0A9C7E5FE01D96F2D90A9C3F5AB3239D4F7F711F06B5A066472D8B469D37DD2D88DABCEE4303737778F6C56A4A6A68E0C856F63525252B95F48F9B215CB974E13429DC1355CEEE7C8FDB95AF1464747CFD46B0F6EBBED367755FF8DDA801A3C78B0D5E397959565CE38E30CEBACBB0E9BD269B0F53A42F97BACB3CECF3CF3CC61AFD7DE463D03AE3F3C3A14CB3B4CEBCA2BAF3CAC319696E659D648932CED55F0F65AEB70542FEFCCA83AE44BAF7DF49E99AF698D1A35B27A061E7DF4D191417C4CBA1DDAA23878FFB06352F78F1C3972A97C4E9FEDDBB72FCCDB935251BADE964EDC51FAE4417171B1755CE8BA5CC73AECE9C71F7FDC3979F2E448798FAB3EFAE8A3B9B403AAE578D10FB058421B0D61728C84953E5EFAF7EF5FA0094975D3994A759A7E1D2A3A7EFC786BA2ACD275915EDBE2BD5ED0F7649677E4830E09D5496834B9F4F6E0047A1DA64972A8FCF6FA6B1D5B469D5B5E1DBBD2DFEA58F97BB48EBD9E3A36788E4939FE8AEC0430A2BC7ADCE9744E329E6525AC135EBA607D55D10E061F69248735A049932669E9E9E9171DEF99A9E3B178F1623D2DF05DA87E41E54B57285FB868FBCBA889A1CEDE325362AA3424E6CA0F434E75FF4D9AD4BDFEFAEBC63B4DB6FEB068634863DEBC7956E3C89BF0F9FEF82C59B2C44C9932C5BA9EE8F7DF7FB7662CF5F61CEA0F905EC3F8CF7FFEB3A4E1A5B3A6791B499A706A78EFEBE3DE75C974FA776DD4956ED0954527CFF14E948313672786473D26A5E1F28524C9177EF8E187DF4A6321CAB7917D24DA3879EDB5D70E99B4C8F7EC766E6EAED598D733DB159D3061EEDCB999F29A48397E7A49A3E5173EC5AA3D9724A15F5ACD88C2EC28F7784949A9FED1677A524B9320ED3954BAA0B74E9AE5DB53A743A3EC21962556AD5A656DBDAFDBBE7DBBF53EDE194DA9C35089A863E117F5B84F2F61B9C7E4800103BE93E759C9A15EEAA413145695527356047CAE1090C9E199679EF9E1B871E32ED2CAA4BC85502BDB8A152BB49B326467BAB213C37CBB0CFE13131333A33A67252D8F76E5A7A6A65A67D37D672A2D8BCEF0A7C3B174E8A977B896776D1ADF9E435F3A1C552B146F034DCFB2EBD4DCBAD692D264D2CB3B314459BCEB307A6982DAAB572FAAFACA69AC1CD3313966CC981FA40173E6E79F7FBE44EA9098F2262DF2F5E9A79F1E724D8136DCF538D0C939B4E1AD74ABD7A90D1A34E8A8EF27C7DBEEC993273BE535974C9B368D614ED5702EC94E0CFDAE0EF3265A3A8CF3F1C71F2FD9A7A322EEB9E71EABD1EC6DD4E82435DA48D6FAC49BFC79275EF036AA7508A9CE64EA5D42803A0CD4B1D4B1A1588F4744447CEE72B9C6BADDEE709DBD5E4798E9F5DA55D10EF55EFB6D0BF85C212093C3CE9D3BBF9F9090F09A7CD811E55D485F99962F5FBEBFB0B070BD24211B42ED9BA8DDF4B2992F0D11EF74D539FEF2B7E950295DAF4B1B54DA7BA867C3BD67C07D693278F6D967975C87689D7E2AE379BECFEFD4A993751D8EF62AFA3680F4357A42C2DB88BAF5D65B4B1ED37F5FD761F20E89D15942E7CC99634DFEA043C5F44CBD3E47F7EB1007D4DC31290D97DFE433E9F4D9679F2D97C6722DED292AEF4493368AF598F06DB8E8B0BBA143875A3336EA0F8ED25E9D9F7EFAC95C74D145475C53491A3739D3A74F97C3C4752D8D96D0AEC39477289D6F62E8F5F2CB2F5B1374CC9831C3DC7CF3CDD6A808EFB5825A9F683DA4758ED64BDED94A4B9FE4A20E03752C42F1989C3C79F296E4E4E46FE5664F3DC9A69D0055312A448F5DEF090CB128187285804C0E1D0E87532A9C8FE403B8512FBCAFEADEC371E3C6ED964AE6F510FB2E0E9772DE101313F3B1BF9C5D2F4D93376D3C79E92CA57AF6C6BB48B3367EF44BEB6DE478879F2AFD81D1E1577A7652E9D017EF8434FA25D7C4D37792062F7D0F6D6C95451B543AC5BBB75752AFF5D319D6744D4575E79D779A499326597F5F550E6FE098AC18F9ACFE94C64B97C58B172F954649DC1D77DC51665DF2D65B6F1D72ED950E69D2F5B6F4E2F67BEFBDD7EA91F6F6DE682F8D3E5FAF712DEBBDB4D122C759BE1C2B1786E2C926EAB043E9B076AD37BC7544695A87694F89D663A597B6D0B510F5DA423DD674129A8AA20E03752C42E898D4B6BB35B65993433DB15099D71E6A3DAC27EF7CF293B783A1D01D017C162166E4C891B9DDBA758B2A3D814865FAEAABAF0A3EFCF0C3655BB76EBD70FEFCF9457C4F2B66CE9C396EFD12C23F2C58B0C05C76D9650E4AE270528F34CACBCBFBBD7DFBF68D4A375EF49A2F5D16C57769016DA47BAF49557A8242274AF0F6B6E8B015AD93744A775FE3C78FCF9D376FDED6E2E2E28BA74C999249C9537F81FA8B3A963A16552B393979BEE40CD6D92C1DAAAC6BB856C6CCA5DAD3ADEFA509A2F770CEC8C8B824187285B080CD6A1D0EA7540C77FDE73FFFB1160CAE0A7A2DC6D4A9530BA542BA95C41008DA864B665656568B356BD66C7FF5D5574B8687E875043AE151E935E774789D2FED4DF19D5D4F87404D9C38B1642894B7D12275C8BAC2C2C2F368B400A08EA58E45F590C47050585858B6DED66B585F7CF1456B88F289268663C78EF54D0CF3252FB923587285803F13377DFAF47973E7CEBD4417F9F51D3678A2742DA861C386E5CB01749754341FF0F53A369C79F72F9C793FBAFEFDFBD769DDBAF58A7AF5EAB5FAC73FFE5132E4F844E8750E6FBDF5D69E254B96AC901FA8BFF9DBF56EA0FEA2FE02752C82DD800103922441FC4027A7D1FBDA83F8C0030F1CD710534D08F524874F62A81D56370553AE1016E8FF03575F7D752FF9D158F6D4534F555A0FA2F618FEF39FFF2C282C2C7C9EC410080DD3A64DCBDFB973E769B9B9B96B9E7FFEF9926B5C8E97BE5EDE679FDD68F91F1A2D00A863A96351FDA64E9D9A2AC7C86049E2748D5BAB0771C890213A694DE905ECCBE59D1D5F5FE79B18CAFB0E09B65C213CD0FF079E78E209D7871F7EF84E5151D1C5E3C78F6FA5EBE2E8FA75E5CD447934BA80F01B6FBC51E072B91E94F77B89AFD4F1B9F9E69B479E7CF2C914849FD0131E93264D7A829238B2B4B4B4A2F6EDDBBF131D1D7DD5F7DF7F9FA8D3FD7B27383A163A6C6AD4A85107366DDAF4BDD4257DFC754214507F517F813A16A1203D3D3DAD63C78E6BC2C3C37B4B4217AD6B68EABAB13AE197AE33AB3331EBF5B09A3FC8F1690D1DD551843AF1D7E79F7F6E5D1BBB72E5CA92B5378D67498D3B25F17C2DD8CA2A2218FE272421D431BE3D7EFAE9A7DBE6CC99F3D682050B2275BA5A9DC9B4A2F4C3970FB868F7EEDD7F161414F4C8A6A4BD00002000494441549D3265CA2ABE4A40E8B11B19670C1D3AF4FB9123475EA0D3A91FCBC5EBFA83F2F4D34F17656666CE901F9C1BB85E1900A86351F3B407312929E9274900DF71B95CFFA3FB7468B2CE745F6AADC2A359A4D718066BAE101E4CFF33EFBCF3CEAFF3E6CD7B3E3737B7DD8F3FFE78DAC71F7F1CA65DC7DE35EDF4EC94860E45C8CECE366BD7AE35DF7CF38D79EFBDF7DCBFFEFAEBD6BCBCBCA1AB57AFBE7DC68C193BF90A9D18CEBCFB17CEBC1FBB850B17BE77E185175EFAF5D75FB73CE79C731CB56BD73EEA6BF42CE3134F3C519C9393F3D59A356BFAD368A1FE02F517A863E13FD2D3D37356AC5831B153A74E2B25C16B28A1957D45871B2E9218919191F15030E70A11C1F63FA4B398CA26D9ED76DFBA72E5CADB962C5992220960A7CD9B37D792E42F4287224882E8964AA8283E3E7E5BC3860D7F6ADBB6ED98FBEEBBEF57BE32007C3DFBECB3173FF2C8235F3EF9E4937F1B3A74A8233131B1DCE7EAEC674F3FFD74714141C1177FFCF10767B301803A167E2A3535F563D97C9C9292D2DCE5725D2F79C35FE57E37094D1675022C1D3FBA55224DE23B7D6EA8AC9D1911ACFF637692F8861D00705C9E7BEEB9AB5E78E18537478F1E7D67798D173D9B3D6AD4A8E2B0B0B07FAD5EBDFA511A2D00401D0BFF3779F2E42DB219AB3168D0A018A7D359E04D25626262DA87E2F5AC611C160070640F3FFCF05D2D5AB418357CF870F7BA75EB0E794C87BCC97E5783060D468F1D3BF6211A2D00401D8BC02389E1F9BEF70B0B0B7B846239901C0240053CFAE8A3FF6CD3A6CD33A3468D72FFF6DB6FD6BED5AB575B3326376DDAF419D98EA09400803A1601EB96A3DCF78A92E84B72080021EEF1C71F1FDABE7DFB075E7AE9A5625DEF68ECD8B1C5D298797CC48811C3281D00A08E45E072BBDD87247CBA4C4A8F1E3DCABA044FA7D71D47720800D0C6CB2B898989C3A64F9F6E9A356BF6D4F0E1C3C7502A00401D8B80A1095F33DF3C283939B9BBC3E1A8EF932816E9FD8484841EA55ED724140A27187D2471430DBE1E4010FBF3CF3F6374BB72E54A07A50100D4B10818B74A3C24A16B147691B84F62A6E687BE4F92E4304292439DE07280DC9D6BBFEE3989C512AD480EFD5B8C9DF9EFF3D9777519CFAB656FF755E03DAFE6BB03000000048D7612FF90384B426721D5652BE6489C22C9E055BE4FD4F5D195248757366EDCB8DDAE5DBB9E95BBA74BEC92682CF11BC9A1FFD1646FBAFDFF502871AA446BE359BA22DA78D62631F6FED512EBEC03E11489BF49A47B4F0E483C28F1A8C44289CC325E9FCFF7090000000858E749C44A8CF7D9D7262929A9876C5B947E727171B1090F0F4F4C4848B84992C3797662A85CC15C48819C1CF691D86B0ECE16D4CCDEDE2D719BCF7D63278DFBEDDBFF6B3CDDC9B7FA3CBEC7E7F9AE325E0F00000020B0FD2071A7CFFD3B24461FE905CD9B37FFEBCA952BB7874A01057272A8DDB97FB5B3FFD912F38EF05C1D2FDC5FE26CFB8CC1AC528FBFCB7705000000085A7ABDA02E78AFB38D7A933DCD0D92CA7A727878B8B5AD5FBF7E5787C3D1DEED76D7319ED1845D480EFD935E48DA49A2A7442F89D7253A9B83C341BDF471ED29FC9BFD585F3B5904000000101AD64AFC3F895F249648B44A4848D0D18309E5BD4092C23CD9346ADAB4E9B4AD5BB7FE6927952B490EFD935E44BA5B62B21DDF19CFF5849A001619CFC5A23A36F82489353E4963C70ABCB7EFEB0100000004BE4976E8DC25FB2FB9E492E7657B41794F76BBDD91BABDF0C20B77A7A6A6B6379EF94BF6931CFAA736123F4BFC28116F3C13CE7C6B3FF6A2C44F123B8DA79770B8FDBCBAF6598382A3BCB7EFEB2F334C4803000000040B6BF50287C3D1F728CF8BB5B73D7BF4E8B16FFEFCF945C15E30819C1C6A2278929DF91795CAE24798831797EAFE0E7602996D0E9F61A8AC35744ABF1E40F0D57D7AED404F7B3BA1D4E3BA4FCF260E91C8A1B800E0B8D532652F23D6C06E97013562C08001E79B8AAF59D82E3131B1BB6CE7931C0648E65F86D249DDEE637C5F924220780D369EEB96B592BF52A27EA924501F1F43620800C725CE4EFEF4529E4DE6E0F2615EBA5E9C8EEA4AA6A85053A64E9DAAA3040FE9244A4A4A1A693C9D444FA4A6A68E0CC57289E0D000108266DA49E17C3B319C663C43CEF55A826F243E97B85E628B442AC50500C7447B5874D28EAFEC44F076E3991B42696F61671243C03F855104A892032B2CCCED72B928083F209FC346E3197A8D435D2331D0787A0775522B9DE27ABAF19CE1DE20F182443B8A29F4381C8E03D45F7E537F591B4A22E0E8F262CFFBDCBFD44E121BDBF5EA54E33941F70A4505901C2204C4C4C4ECDCB3670F05E107B2B3B335D949A3240EA3D7152F2AE7B10724BA19465784E60F6358D832EA2FFF909F9FAF6B8DADA22402D2ABC6B316B5D75A3BD6D9F767489C463101248708019191918B72737329083F909191A16BF4CCA7244AE830D297EDDB1B7CF67B7B575B19CFF588BF5054A1A9B8B878E6EEDDBB775012352F3B3B3B533E8FAF288980A31301EAB586B796F3F81CDAA100C9214288D3E97C6EFBF6ED07DC6E378551B3366465657595ED2714C521C9E1709FDB2579B4BDD5EB0C67DAB7EB515CA147EAAD4F32323222A8BF6A9EFC8E14537F051C9D8CE6DC233CDECA789609538CCE00480E110A2EBAE8A29FA561B57CDBB66D14460D4A4F4F9F239FC3B6CB2EBBEC274AE360C26C3C6B97FECD78868F7A797B0EF58CF79B124F49D07B14827AF5EA95565454F4DF4D9B366DA6346ACE962D5BB20E1C38F01BF557C0D1D12A13EDDBE3CB686B6EA01D0A901C2204399DCE811B366CD89797974761D4809C9C9CE959595957B95CAE07298D32E9CC79238DA7F77080C4FD76E87D5DC6E25DE39994062148BF37921CC6E6E6E6B29C490DD8BB776FE1FAF5EBDDC5C5C5F7511A01EB1E893BCCC109851A9B8313D2FC28F1BD4412C504901C2244F4EEDD7B9534B0AE59B972652E0962F527862B56ACE8EC7038EE90CF219D122953BEB7B8242E97B8D68E0FECC64B4F89188A2974EB2FD924A7A7A7EF9104713725528D5FCCFCFCECB4B4B45D727310F557407BDD1C1C91A13397EA440451123ADBD385127F95D84A3101248708213D7BF69C5B545474FDB265CBF2366DDA94C5353C556E833466C72D5FBEFC3CB97DBF94FF0C8AA44C99C633E18C267F19653C3ED77866323D9FA20AEDFACBE572DD26F59763EDDAB50BA9BFAADEFAF5EBFFBB74E9D22229F7BBA8BF025AAC44A47D5BAF2B4CF3094DF86B49BC26D186A202FC4B384580AA3671E2C4752929299FE7E6E676DDB66D5B9CD3E95C131616E6888E8EAEE37038FCF6EF5EB76E9D79FBEDB74D93264D4CC3860DFDF6EFD4750CB3B2B2BE9746D592D5AB57C717141444C8BE945EBD7A2DE2E82BD77E3BF4ACF6DA232490EBCA7AA053A74E3D64A3F19D24E3F329CEE0AEBF060E1CF8457E7EFEA55BB66CA9B577EFDE9FA4FEDA131313535FEA2F26D338F1FACB29BF0DCB376EDC982EF5973B27276787ECBB91FA2BE03925B2ECDB655DBB5D28A1B3D06653C7C29F70EC314B14AA893D44ABF7ECD9B3CFD8BE7D7B3F09FDE2E9B55D7E3B6CEFD34F3FD569D4CDD8B1634DFFFEFDFDB9789B49E810ACDF255E61F2860AB9D778D6D83A9A2DE6E0B0288476FD75B9D65FBB76EDEA27D18352A9D476885E93B64CE29FD45F416395A9D8845E7A9D37EBF002248708553A0B6020FC100C1A3428C6E97416E86DBD5E72F2E4C9B113264C70F209068D938CE7CCE0919C2AA1D79A31290D02AAFE02FCC07512BF55A01E1EC4770A203904FC9E2486875C6B565858A889C44C4A2668FC293141E24AE3E941AC630E4E50E3D5DD78CE7E03008E8F2688A7DB75ED7C7BDF5512538C67E4D0188A08F02F4C480394ED16DF3B6EB7FB768A24E8E8B0E67EF6ED39C6B3AEE1488961F63EBD163193620280E3E69D6DB681C469765C6BEFDB48F100248740409064B04FA95D3DFAF7EF5F8792092ABA84C577F6EDB72586DBC9A177228C0C8A08002AC51289FFDA0180E410081CC9C9C97D1C0E47A2CF2E9DD5B2517878781F4A070000002487408870B95CBD4BEDF22E6E760DA513129A53040050A9E2259AD80180E410080C3D7AF48870381CB795DA1D6D6FFBEA2CA69452506A653C434A35064834A24800E08445D95B5D6EA9B61DA32816C07F315B29E0A3499326E7BBDDEEB8321ED2652CEA141616EAD0D2CF29A9A0E19D2C6124450100956EA0BD65E66780E410083C479895B45022461EBF86E43028B4329EF5B554A7233C4F27A5610913003836BAB8FD2947798E8E5ECB95B89AE202480E01BFA3434A75965287C351D6C3F5ECE45187963E3861C2841C4A2CA04DA8C07362A82301E0B8DC491100248740404B4848E8516A96D2434862B8471EAF5F5050A08BA3CFA0C402DA068A000000E0504C480378BF0C6161479C8D5412C3227B7B0BA515F0DE349EA1A5A5E95A969C340380139326D1B88CFDC91271140F407208048294A33CDE40FFE376BB7BEA10548A2BA06D2D635F07892F8D67382900E0F85D56C63EBDA65FAF43CCA378009243C0AFDD70C30D3DBDC9DFD1E8D0D2934E3AE97A4A2DA02D92C8F7B95F5FE21989FEA5F603004E9CFEBEEA1AB24F501400C921E0F724E1EB768CCFEF40A905BC4C9FDB8325EE28B50F005039869318028181A17180983A75EAB3B279D6775F5252D248D98CD01FB4D4D4D4919452D0D1DEE2B912ED247E213104804A3547E23A895A12FF32655F83A89D143B282A80E410006A9A0E251D6F27876B25CA9A68E87B8977282A0038667ADDE1D9128F4A3C68CABE742392E410203904007FF0B11D0F1B4F0F621A450200956AA6C46CE399219AB50F8100C035870042DD0B12BA7665278A02002A9DCB4E0C87521400C921000482D724FA18CF3A870080CAF7A2C41914034072080081942002002ABF7DE9349E6B1001901C02805FD1464A4C19FB32241A513C0070427492995D65EC7F57E2648A07F05F4C48032014FD54CEFE45D48B0050A536520480FFA2E710000E55441100000092430000000000C9210000000080E410000000004072080000000020390400000000901C0200000000480E01000000002487000000000092430000000000C9210000000080E410000000004072080000000020390400000000901C5204000000000092430000000000C9210000000080E410000000004072080000000020390400000000901C0200000000480E01000000002487000000000092430000000000C9210000000080E410000000004072080000000020390400000000901C0200000000480E01000000002487000000000092430000000000C9210000000080E410000000004072080000000020390400000000901C0200000000480E01000000002487000000000092430000000000C9210000000080E410000000004072080000000020390400000000901C02000000008E2C82220080F20D1830E03187C3F14C390F8F484A4A1AE1BB233535D541A90100804044CF21001CA9920C0B4BA314000000C9210084B82953A6CC944D56059FBE851203000024870010A4DC6EF7A74779CA01FB7933292D000040720800C19B1C4E3DCAE32EDD3A1C8EC994160000203904802055AB56AD4592F8ED2CEF71792C5A36991919198B282D000040720800416AC284094EB7DBFD55390F5BBD86F2F8E7F3E7CF2FA2B4000000C9210004B7F7CBD95F6C55A661619F5044000080E41000829C3D6434AF8C872225B66CDFBE7D2EA5040000480E0120C8D943462796DAED1D523A9321A5000080E4100042842481B34ADD77D937BFA174000000C9210084881D3B76E83A86DBBDF71D0E47846C325D2ED70C4A070000901C024088B0878ECE2AB57BE6B469D3F2291D000040720800A1E590594B1D0E07B39402000092430008353131313FF9DE8F8E8E9E4FA9000000924300083113264C70CA6695DE76381CEBE47E0EA50200008241044500A0A6B9DDEE98F5EBD7DF9B9F9F3F70DFBE7DA7EEDDBB37C6E572F9EDDF9B9999697EFEF96773F6D967B7B9EDB6DBDCFEFA774AF2EA8E8E8EDE1D1515F5F38103075EE8DEBDFBB71C6D000080E410805F92A4F07F7FF9E597179D4E67ADC4C444A351B76E5D1316E6DF031BAEBBEE3ABF2F5B49B01D927037CACBCBBB222323A3E782050B7E2F282818D8BB77EF748E3C0000501AC34A01D4984D9B367DBE71E3C637E3E3E36B9D73CE39A665CB96A65EBD7A7E9F18064C052FE5181717679A376F6EBA75EB16D5A2458BAEDA8B386FDEBC6B281D0000407208C06F1243896B3A76EC689A356BA6432029942AD6B46953D3B56BD758491A27CD9D3BF74A4A040000901C02A8513A9474DDBA75D79C7AEAA956CF566985F93BCC96B44966CDB74F9AD5F3469A4D4BC71B67DE560AAE12D4AE5DDB74E9D2A5AE24E39366CD9AD589120100002487006A844E3E939999F9A20E212D2F31DCBCF43D939FB9DAB88AF71BB7ABC8ECCBFAD36C5AF22E0962252688AD5AB572858787BF426900000092430035426725D5C96774886359B2362E3445FBF71EB65F13C5CCF5F329C04AD2BC79F386111111EDE7CC99733EA5010000480E01543B5DAE4267242DEF1AC38223F40E6AAF222A4F424242866CFA5112000080E41040B5D3750C7546D2F2B88B0F94FF62B78B02AC448D1A356A269B1E9404000050AC7308A05AE902F7BA8E216A9E7C0E4D64D398920000008A9E4300D5CAE572B18EA1BFFC00783E074E12020000924300FE2732B641B98F4544D3E30800004072082024346C79818988AA7DD8FEF0C858D3F0E4EE1410000000C921805050A7F169A676A353CBDC5F37A123050400004072082054141F28386C5F51E11E0A06000080E4104028D8BF7797D9B4E45D93BFEBF7C31EDBBBFB0FB3E99771D6730000004072082048E56E5B2A89E13B665FF6FA729FB32F67A3D9F0F39B267BD30FC6CD9A87000000958A29CC01D428ED09DCB1E62BAB67B0225CC5FBADE7EFD9F5BB4938E50A13632DD5070000801345CF21801AA53D81154D0C7D690FE3C6FFBE4D01020000901C020806DA1378BCDCAE220A100000A09230AC14408DEAD0731485000000E007E8390400000000901C0238E1FA807A040000200830AC14F0FF84ADB1C49912F5EC6DBCFDD83F25B6977AFE5FECED8F3EDF71BD30AF8EC4DF25A2259E29E7DFEA2B71AEC463E53C1E23718DC4D452FBC7497C20F1ADC4C9121BF9D8000000480E01541E4D02CF96D82DB1C04ECCFE23B1D0E7391D2456D989DB60892D127F9338456280C42B12A74BAC95182F91EDF3DA2E128912DE05033BDB8FF7B4EF37B0B7D3ECAD53E277FB7D574BB4B15FDBD24E5C6F95E828F1301F1D000000C92180CAD1CE4EDE34F9AA25D1C24E14DB98833D87DAAB78B9C493129B25E64A4449DC213156E2FF493497D82AF14519FFC669F66BF6F824837BEC4454F5F14910BD964BA4DB7F97BEBEC0E7B18BCCE1BD8A00000008105C2B04F827EDE9FBDC4E08CB932431CC4E0CD52A3B59D4EFF51A73682FA1D7E9A5EE174AECB7E380F10C41F5DED7DBB9F6F39A495C67279D5DEC24748AFD376EB0B7B7DAFBEBF0F1010000041E7A0E01FFA5BD730DECC44BE9F582DBCCC161A53A7C74877DBB89F10C07D584F05D89D912FF90986927989A04EA904F1DFEF9A5CF7B5C650EF6FE9D6FDFF62677FABA25F66DED7DFC54E2528934FBB193EDBF5187BAF6B5FF3E4D30B567339F8F0F000080E41040E56963275EEA1C3BF9F30E2B3DC9E7793A31CD24FBB6F6EC69AFDE32E3B91E7091F10C2B6D2531BAD4FB7F592A91D3DB73EDDBDA7B1855CEDFA549638A393804D5FBF7AD344C48030000407208A052E9F050EDB1F3F6F2C5DB49E062FB7E3F9FE7FA5EA3E84D28F5F9E1127F1CE1FDEBFADC8F350767365531E6E0643565A96B27905E45A6EC6B1B010000407208E004E9904DEF75823AB94C6D73700299F77D9EB7D64E0E7598E93AE3E961D4E1A80F98436737F5A5CFE96A27754A673875DAA1128CA7F7B1B4C6F65687AA7E552A5904000000C921804A76A5F1F4E6C5FB245F453EF76F93C8349E6B00955E33F888F10CF7D424F15673709DC3B2CC2C755F7B0C7D8795CE2DE335DADBA84B66E85A897A8D615F9FC7CE29E73500000020390470024A0FD12C3D218DF60C5E613CCB4B6862F6A2CF7375E6525D03718DCFBEDA47F9F7222BF037E549BC6CDF3E60FF0D5A8F686F623D3E3200000092430095CBF71A422FBDAD8BD6FBF6D6696F622B73F03A44E393106E2FB53FFB28FFA60E13DD7394E73CE6737BB7BDD59E499DB8A6BBC4643E3A0000009243009567AD1DC7E3157BBBB8D4FE378EF2BA639D4C66B8CF6D9DA1F40E3EB6D071C30D37F40C0B0B3B3F35357514A5010000C921000495DDBB779B850B179ABE7DFB9A1F7EF8C1FCF6DB6F262121E190E74C9B36CD8C1933C6DA2FC99115F7DC738F19356A94993973A6494E4E3653A64C31B56BD736575F7D75D0944D8F1E3D22E4FFB987FCFF5E23776F9688B31F2239040080E41000824B7C7CBC69D4A8919931638689888830CD9B37377DFAF4316FBDF596E9D7AF9F69DCB8B1D9BA75AB69DAB4A9292A2A329F7DF699898C8CB46E6B52A90961464686993D7BB6B9F6DA6BCD175F7C613EF9E413337AF468EBBD0231216CD2A4C9F96EB7FBEF127D1C0E47638E120000480E01202474EFDEDDB85C2E2BC1D39E44ED299C3E7DBA292C2C34B1B1B14612244FE529C9A3F610DE7CF3CD25AF7DF5D557CD4B2FBD64EEB8E30E73C1051758BD89E3C78FB77A1703497272721F2983DE7273B02485D6BA97DEFF6F000040720800414D7BFCD2D2D2AC183870A0B54F7B12B5E770DEBC79E6FEFBEFB792C67FFFFBDF87BC2E2A2ACA4A14751B1D1D6D6AD5AA65F52EEA736362620222311C3468508CD3E93C5F12C05BE5EFBE5C12C2C624830000901C0238DC88A4A4244AA1922C5DBAD49C7EFAE9D6F04D7FA2D7105E7AE9A5562FA1F73AC3E5CB979B2D5BB658499EF612FEFEFBEFD69052AFC183079B9F7FFED96467679B5DBB76994F3FFDD44A12EBD7AF6F7AF7EE6DDE78E30DBFFE2CD6AD5B670D7B95C4B040EF4B5278CC3D84F2DD18C9510DA0B27F77290280E410E0872A04FCFAEBAFE6E4934FB6AEC9F327DAC3A7899D37F43AC2B3CE3ACB9C7BEEB9262E2ECEE4E7E75B7FF38409134A5E939B9B6B0D43AD57AF9EB9E4924BCC575F7D655AB76E6D25C093264DB27A1977ECD861EEBEFB6ED3B16347BFFB2C74C86C4E4E0EDF0D00004072081CC5048AA0F29D79E699232EBCF042BFFF3BF7EEDD6B4E3BED346B88A9F6102E5EBCD874EAD4A9E4F13FFFFCD31A76EA4D2CD7AC59630D4D3D70E08095FCEA4CA73ADC5427B2F1C7C450F5EFDFDF8C1D3BD64A724B29B27B112BF21BF1044735007E8701924320A8A5A6A66E90CD484AA272DD7EFBED23FC6D4869694EA7D36CDBB6CDEA05D4F02E4951A74E9D9244AA6DDBB6A6499326D6B585E1E1E1A64B972ED6EBF6ECD963F5362ADD6A82E8AFDAB46963AEBFFE7A3379F2E4D88282829E920CEA24347D259AFB0C2F3D20E196882AE77BC277040000924300083E3A9CF4B5D75EB36E6B8FE0FAF5EBAD2529B4E7F0F2CB2F3FE4B93AF98CD2994DDBB76F6F5D9BF8FDF7DF5BB39A6EDEBCD9ECDFBFDF3CF8E0837EFFFF3C61C204A76C6668F4E8D1E3C1C4C4C4BE6EB7BBB724887D3451F43E4FF6154A99C8C61DC391020000C921000435BDB65097A798356B96755F2799D1DEBF6EDDBA59C9A25E33599A2453D64435AB56AD32E79D775E494FA3D2496C7498A93791F477F3E7CF2F92CDC776E884333D64D34F42D7396CA7C34D010000C9210004BDF7DF7FDF2C5BB6CC0C1830C05349DAC34235F9D3896674B90AF5C30F3F987DFBF659899F5E53F8C71F7F5813D76812A8B7BD56AF5E7DC850D340939A9A3A5F7346BD2D6572BE6C6E2FDDA3080000480E01202875EDDAB5CCFD3A7BA986D245EEBD744869798EF458A0993A75EA4FB2F98923040080E01446110000000000480E01000000002487000000000092430000000000C9210000000080E410000000004072080000000020390400000000901C0200000000480E01000000002487000000000092430000000000C9210000000080E410000000004072080000000020390400000000901C0200000000480E01000000002487000000000092430000000000C9210000000080E410000000004072080000000020390400000000901C02F08B4A272CCCED72B928083F209FC346D9145112000080E41040B58B8989D9B967CF1E0AC20F646767A7CB268D92000000248700AA5D6464E4A2DCDC5C0AC20F646464E4C9663E25010000480E01543BA7D3F9DCF6EDDB0FB8DD6E0AA3666DC8CACAEA2ADB4F280A0000407208A0DA5D74D1453F4B62B87CDBB66D14460D4A4F4F9F239FC3B6CB2EBBEC274A030000901C02A8114EA773E0860D1BF6E5E5E5511835202727677A5656D6552E97EB414A030000901C02A831BD7BF75E2589C9352B57AECC2541ACFEC470C58A159D1D0EC71DF239A45322000080E410408DEAD9B3E7DCA2A2A2EB972D5B96B769D3A62CAE41AC721BD2D3D3C72D5FBEFC3CB97DBF94FF0C8A040000F80AA70800D494891327AE4B4949F93C3737B7EBB66DDBE29C4EE79AB0B030477474741D87C3E1B77F776666A699356B9669DCB8B1A955AB96DFFE9DBA8E615656D6F7EBD7AF5FB27AF5EAF882828208D997D2AB57AF451C7D00001CAA53A74E3D64A3F15D7A7AFAFC502C83080E030035498798EA66F6ECD9676CDFBEBD9F8456CAF52562FCF56F5EBA74A9F9F5D75FCDC68D1BCD59679DE5CFC5DB4C6297C4EF12AF30F90C0000203904E0F77AF5EAA58BB107C482EC4949492365334212C4271E7DF4D1917C7A0000201870CD210000000080E410000000004072080000000020390400000000901C0200000000480E01000000002487004257339FDB2DCA794E5CA9E70100000435D63904108A264844D9B775FB8CC45089111233EDFD6F4A3C4051010000924300085EF74BFC66DF9E2CB150A2AF844B62925D37BE2FB18BA202000024870010BC9AFA2487D13EFB3A482C91F8AF61D83D000020390480A0B7D7E7F69312D91299C6D38BE8358062020000A18433E30042517F896FED785B224662BEFDD84B124D24A64ADC4D510100805041CF218050F48E39F49A43A7F10C25554FD9C9A27A8FA202000024870010BCDA19CFE4335E1D7CB60DECE4B09EBD6F15C5050000480E0120387536077B0A1FB6B7F7DBDB5C9FE7D5A6A8000000C9210004A75A12D74AF494785CA2ABC4B2729E7B9EC4588A0C0000901C0240F0D927D1CDBE7D92C44D12BB25BE2EE3B92B282E000040720800C16F87F1CC48AA75A12E5D319922010000A18AA52C0050FF19534462080000421D3D87004291CE48FAA9C41B7692B844A29F397CE98A5D141500000815F41C020845D912DB2492253EB1F77591F8ABF15C8778A9C4E912DF52FE932C07000003F5494441545400002054D073082014F5B5B7C34AED4F97586B3C6B20EAF588D75154000080E4100082538C9D149E2DD1CADE774B19CFDB4D51010000924300085E4EE359CA4227A0192DB1C627490400002039048010D4C74E0EF5FAEBCE12E37C1ED37D7B25AEA098000000C9210004AF27ECC430CE4E04BBD8FBE30D434A0100400862B65200A1EA747BABCB5AACF2D9AF89E1788A070000841A7A0E0184A2A1E6E09A868F4B9C52EA713D713656E2018A0A0000901C0240F01AED73FB55E359C202000020A431AC1440A8DB4A11000000901C02403645000000C0B05200A1E96EE359A2E24A895F8C67C90A1525B1DFE7796324BEA2B8000000C9210004A73724DE329EE52C6E349E252D543B890D1245127524FE4E720800004205C34A0184A29B24EA19CF8CA40DEC7D174B1CB01342633FFE0A45050000480E012078E9BA86ED7C423D24B151A2BF7D5F27AA29A2A8000000C9210004AFFFDAF1A6F10C236D2C7197FDD80289161411000008355C73082054FD3F896EF6F6050997BD5F7B0BF51A44BDD690994C010000C9210004B9977CB62F957A2C46E23C893612E3292A0000100A18560A20542D2C753F4EE212FBB653E23B1243000040720800C16DB4C4FFF824859A08E6497C6B3C3398B6A188000000C92100043F1D46EA5DECFE79E359C6C2EB01899E121F514C0000209470CD218050B4DBE7F69D653CFE6F899F29260000104AE8390480B2A5510400002094D0730820547D616F9F92D829B1D91C5CCE42FDDDAE23DF38C27B8C484A4AA2240100080E23480E0120343D26B156A2AE44BCC4B3C673EDA10E336D29D14262383F24000080E41000829F4E4AB3DB8E4724A22466D9DBBF1EE17513283A00008216BFF30010624EB7B78D25FE22F1B644079FC78750440000000010DC3E9538C778868ED63AC2F352282A0000102A18560A20144D918891686547794EA1A80000000020789D6227878D7D6E4FB6B76FDB5B8D3A141500000815F41C0208554EBB0E8CB16F7BF74D9328B203000080E41000825C3BE3E9196C2011EDB32FD77826A8594811010080501246110008510724B225D6D9B71FB7B73B255EA6780000000020F8C51CE5F1361411000000000000000000000000000000000000000000000000000000000000000000000000000000000000000000000000000000000000000000000000000000000000000000000000000000000000000000000000000000000000000000000000000000000000000000000000000000000000000000000000000000000000000000000000000000000000000000000000000000000000000000000000000000000000000000000000000000000000000000000000000000000000000000000000000000000000000000000000000000000000000040D9FE3F95B3FBD6F91ADCBB0000000049454E44AE426082',NULL),('212504',1,'请假流程.bpmn20.xml','212503',X'3C3F786D6C2076657273696F6E3D27312E302720656E636F64696E673D275554462D38273F3E0A3C646566696E6974696F6E7320786D6C6E733D22687474703A2F2F7777772E6F6D672E6F72672F737065632F42504D4E2F32303130303532342F4D4F44454C2220786D6C6E733A7873693D22687474703A2F2F7777772E77332E6F72672F323030312F584D4C536368656D612D696E7374616E63652220786D6C6E733A7873643D22687474703A2F2F7777772E77332E6F72672F323030312F584D4C536368656D612220786D6C6E733A61637469766974693D22687474703A2F2F61637469766974692E6F72672F62706D6E2220786D6C6E733A62706D6E64693D22687474703A2F2F7777772E6F6D672E6F72672F737065632F42504D4E2F32303130303532342F44492220786D6C6E733A6F6D6764633D22687474703A2F2F7777772E6F6D672E6F72672F737065632F44442F32303130303532342F44432220786D6C6E733A6F6D6764693D22687474703A2F2F7777772E6F6D672E6F72672F737065632F44442F32303130303532342F44492220747970654C616E67756167653D22687474703A2F2F7777772E77332E6F72672F323030312F584D4C536368656D61222065787072657373696F6E4C616E67756167653D22687474703A2F2F7777772E77332E6F72672F313939392F585061746822207461726765744E616D6573706163653D22687474703A2F2F7777772E61637469766974692E6F72672F70726F63657373646566223E0A20203C70726F636573732069643D2270726F636573735F6C6561766522206E616D653D22E8AFB7E58187E6B581E7A88B2220697345786563757461626C653D2274727565223E0A202020203C73746172744576656E742069643D22737461727422206E616D653D227374617274222F3E0A202020203C757365725461736B2069643D22757365723122206E616D653D22E7BB8FE79086E5AEA1E689B9223E0A2020202020203C657874656E73696F6E456C656D656E74733E0A20202020202020203C61637469766974693A7461736B4C697374656E6572206576656E743D226372656174652220636C6173733D22636F6D2E6C656E2E6163746C697374656E65722E4163744E6F64654C697374656E6572222F3E0A2020202020203C2F657874656E73696F6E456C656D656E74733E0A202020203C2F757365725461736B3E0A202020203C73657175656E6365466C6F772069643D227369642D30443235384332342D314631392D343233332D413937362D4130443843423944414541432220736F757263655265663D22737461727422207461726765745265663D227573657231222F3E0A202020203C757365725461736B2069643D22757365723222206E616D653D22E4BABAE4BA8BE5AEA1E689B9223E0A2020202020203C657874656E73696F6E456C656D656E74733E0A20202020202020203C61637469766974693A7461736B4C697374656E6572206576656E743D226372656174652220636C6173733D22636F6D2E6C656E2E6163746C697374656E65722E4163744E6F64654C697374656E6572222F3E0A2020202020203C2F657874656E73696F6E456C656D656E74733E0A202020203C2F757365725461736B3E0A202020203C6578636C7573697665476174657761792069643D227369642D35353636443037362D414234432D344134322D393938462D323533373738394638313831222F3E0A202020203C73657175656E6365466C6F772069643D227369642D33334642463234452D464537302D343730412D394442352D3942313838314531333834372220736F757263655265663D22757365723222207461726765745265663D227369642D35353636443037362D414234432D344134322D393938462D323533373738394638313831222F3E0A202020203C6578636C7573697665476174657761792069643D227369642D42453337324431342D463530392D344544422D383745382D374232313037383335414535222F3E0A202020203C757365725461736B2069643D227573657222206E616D653D22E8B083E695B4223E0A2020202020203C657874656E73696F6E456C656D656E74733E0A20202020202020203C61637469766974693A7461736B4C697374656E6572206576656E743D226372656174652220636C6173733D22636F6D2E6C656E2E6163746C697374656E65722E4C656176654C697374656E6572496D706C222F3E0A2020202020203C2F657874656E73696F6E456C656D656E74733E0A202020203C2F757365725461736B3E0A202020203C656E644576656E742069643D22656E6422206E616D653D22656E64222F3E0A202020203C73657175656E6365466C6F772069643D227369642D35343537313339312D463242332D344342342D383041302D3039324441303237373341372220736F757263655265663D22757365723122207461726765745265663D227369642D42453337324431342D463530392D344544422D383745382D374232313037383335414535222F3E0A202020203C73657175656E6365466C6F772069643D227369642D41453541454438342D303734362D343738372D393836462D36413739323743333443333422206E616D653D22E5908CE6848F2220736F757263655265663D227369642D42453337324431342D463530392D344544422D383745382D37423231303738333541453522207461726765745265663D227573657232223E0A2020202020203C636F6E646974696F6E45787072657373696F6E207873693A747970653D2274466F726D616C45787072657373696F6E223E3C215B43444154415B247B666C61673D3D747275657D5D5D3E3C2F636F6E646974696F6E45787072657373696F6E3E0A202020203C2F73657175656E6365466C6F773E0A202020203C73657175656E6365466C6F772069643D227369642D34373638373538312D333535422D343335342D383433432D43333034323333323836414622206E616D653D22E5908CE6848F2220736F757263655265663D227369642D35353636443037362D414234432D344134322D393938462D32353337373839463831383122207461726765745265663D22656E64223E0A2020202020203C636F6E646974696F6E45787072657373696F6E207873693A747970653D2274466F726D616C45787072657373696F6E223E3C215B43444154415B247B666C61673D3D747275657D5D5D3E3C2F636F6E646974696F6E45787072657373696F6E3E0A202020203C2F73657175656E6365466C6F773E0A202020203C73657175656E6365466C6F772069643D227369642D46423539344242452D383030352D344544432D423343382D39373831454432323643393522206E616D653D22E4B88DE5908CE6848F2220736F757263655265663D227369642D35353636443037362D414234432D344134322D393938462D32353337373839463831383122207461726765745265663D2275736572223E0A2020202020203C636F6E646974696F6E45787072657373696F6E207873693A747970653D2274466F726D616C45787072657373696F6E223E3C215B43444154415B247B666C61673D3D66616C73657D5D5D3E3C2F636F6E646974696F6E45787072657373696F6E3E0A202020203C2F73657175656E6365466C6F773E0A202020203C73657175656E6365466C6F772069643D227369642D39394343413337462D413233352D343835332D383437322D44453233334144324544333222206E616D653D22E9878DE696B0E794B3E8AFB72220736F757263655265663D227573657222207461726765745265663D227573657231223E0A2020202020203C636F6E646974696F6E45787072657373696F6E207873693A747970653D2274466F726D616C45787072657373696F6E223E3C215B43444154415B247B666C61673D3D747275657D5D5D3E3C2F636F6E646974696F6E45787072657373696F6E3E0A202020203C2F73657175656E6365466C6F773E0A202020203C73657175656E6365466C6F772069643D227369642D35313046453036322D433042432D343643382D394231372D38413338303732413242433622206E616D653D22E4B88DE5908CE6848F2220736F757263655265663D227369642D42453337324431342D463530392D344544422D383745382D37423231303738333541453522207461726765745265663D2275736572223E0A2020202020203C636F6E646974696F6E45787072657373696F6E207873693A747970653D2274466F726D616C45787072657373696F6E223E3C215B43444154415B247B666C61673D3D66616C73657D5D5D3E3C2F636F6E646974696F6E45787072657373696F6E3E0A202020203C2F73657175656E6365466C6F773E0A202020203C73657175656E6365466C6F772069643D227369642D30344339463239412D304242352D343639312D383034432D37363445344530413237313622206E616D653D22E58F96E6B688E8AFB7E581872220736F757263655265663D227573657222207461726765745265663D22656E64223E0A2020202020203C636F6E646974696F6E45787072657373696F6E207873693A747970653D2274466F726D616C45787072657373696F6E223E3C215B43444154415B247B666C61673D3D66616C73657D5D5D3E3C2F636F6E646974696F6E45787072657373696F6E3E0A202020203C2F73657175656E6365466C6F773E0A20203C2F70726F636573733E0A20203C62706D6E64693A42504D4E4469616772616D2069643D2242504D4E4469616772616D5F70726F636573735F6C65617665223E0A202020203C62706D6E64693A42504D4E506C616E652062706D6E456C656D656E743D2270726F636573735F6C65617665222069643D2242504D4E506C616E655F70726F636573735F6C65617665223E0A2020202020203C62706D6E64693A42504D4E53686170652062706D6E456C656D656E743D227374617274222069643D2242504D4E53686170655F7374617274223E0A20202020202020203C6F6D6764633A426F756E6473206865696768743D2233302E303030303030303030303030303037222077696474683D2232392E3939393939393939393939393939332220783D2234352E30303030303030303030303030312220793D2235342E3939393939373335303930343633222F3E0A2020202020203C2F62706D6E64693A42504D4E53686170653E0A2020202020203C62706D6E64693A42504D4E53686170652062706D6E456C656D656E743D227573657231222069643D2242504D4E53686170655F7573657231223E0A20202020202020203C6F6D6764633A426F756E6473206865696768743D2238302E30222077696474683D2239392E39393939393939393939393939372220783D223135302E30303030303030303030303030332220793D2232392E3939393939373335303930343634222F3E0A2020202020203C2F62706D6E64693A42504D4E53686170653E0A2020202020203C62706D6E64693A42504D4E53686170652062706D6E456C656D656E743D227573657232222069643D2242504D4E53686170655F7573657232223E0A20202020202020203C6F6D6764633A426F756E6473206865696768743D2238302E30222077696474683D2239392E39393939393939393939393938392220783D223435342E353435343431333138323233322220793D2232392E393939393936343536383335303633222F3E0A2020202020203C2F62706D6E64693A42504D4E53686170653E0A2020202020203C62706D6E64693A42504D4E53686170652062706D6E456C656D656E743D227369642D35353636443037362D414234432D344134322D393938462D323533373738394638313831222069643D2242504D4E53686170655F7369642D35353636443037362D414234432D344134322D393938462D323533373738394638313831223E0A20202020202020203C6F6D6764633A426F756E6473206865696768743D2233392E3939393939393939393939393939222077696474683D2234302E302220783D223636302E303030303030303030303030312220793D2234392E3939393939373335303930343634222F3E0A2020202020203C2F62706D6E64693A42504D4E53686170653E0A2020202020203C62706D6E64693A42504D4E53686170652062706D6E456C656D656E743D227369642D42453337324431342D463530392D344544422D383745382D374232313037383335414535222069643D2242504D4E53686170655F7369642D42453337324431342D463530392D344544422D383745382D374232313037383335414535223E0A20202020202020203C6F6D6764633A426F756E6473206865696768743D2233392E3939393939393939393939393939222077696474683D2234302E302220783D223331352E303030303030303030303030312220793D2234392E3939393939373335303930343634222F3E0A2020202020203C2F62706D6E64693A42504D4E53686170653E0A2020202020203C62706D6E64693A42504D4E53686170652062706D6E456C656D656E743D2275736572222069643D2242504D4E53686170655F75736572223E0A20202020202020203C6F6D6764633A426F756E6473206865696768743D2237392E3939393939393939393939393937222077696474683D223130302E30303030303030303030303032332220783D223238352E30303030303030303030303030362220793D223139352E3030303030303030303030303033222F3E0A2020202020203C2F62706D6E64693A42504D4E53686170653E0A2020202020203C62706D6E64693A42504D4E53686170652062706D6E456C656D656E743D22656E64222069643D2242504D4E53686170655F656E64223E0A20202020202020203C6F6D6764633A426F756E6473206865696768743D2232372E393939393939393939393939393933222077696474683D2232382E302220783D223832352E303030303030303030303030322220793D2235352E3939393939373335303930343634222F3E0A2020202020203C2F62706D6E64693A42504D4E53686170653E0A2020202020203C62706D6E64693A42504D4E456467652062706D6E456C656D656E743D227369642D30344339463239412D304242352D343639312D383034432D373634453445304132373136222069643D2242504D4E456467655F7369642D30344339463239412D304242352D343639312D383034432D373634453445304132373136223E0A20202020202020203C6F6D6764693A776179706F696E7420783D223333352E30303030303030303030303031372220793D223237352E30222F3E0A20202020202020203C6F6D6764693A776179706F696E7420783D223333352E30303030303030303030303031372220793D223332312E30222F3E0A20202020202020203C6F6D6764693A776179706F696E7420783D223833392E303030303030303030303030322220793D223332312E30222F3E0A20202020202020203C6F6D6764693A776179706F696E7420783D223833392E303030303030303030303030322220793D2238332E3939393939373335303930343634222F3E0A2020202020203C2F62706D6E64693A42504D4E456467653E0A2020202020203C62706D6E64693A42504D4E456467652062706D6E456C656D656E743D227369642D35313046453036322D433042432D343643382D394231372D384133383037324132424336222069643D2242504D4E456467655F7369642D35313046453036322D433042432D343643382D394231372D384133383037324132424336223E0A20202020202020203C6F6D6764693A776179706F696E7420783D223333352E343432303733313731363637352220793D2238392E3535373932343137393233373233222F3E0A20202020202020203C6F6D6764693A776179706F696E7420783D223333352E313231353830353435313534372220793D223139352E3030303030303030303030303033222F3E0A2020202020203C2F62706D6E64693A42504D4E456467653E0A2020202020203C62706D6E64693A42504D4E456467652062706D6E456C656D656E743D227369642D30443235384332342D314631392D343233332D413937362D413044384342394441454143222069643D2242504D4E456467655F7369642D30443235384332342D314631392D343233332D413937362D413044384342394441454143223E0A20202020202020203C6F6D6764693A776179706F696E7420783D2237352E302220793D2236392E3939393939373335303930343634222F3E0A20202020202020203C6F6D6764693A776179706F696E7420783D223135302E30303030303030303030303030332220793D2236392E3939393939373335303930343634222F3E0A2020202020203C2F62706D6E64693A42504D4E456467653E0A2020202020203C62706D6E64693A42504D4E456467652062706D6E456C656D656E743D227369642D39394343413337462D413233352D343835332D383437322D444532333341443245443332222069643D2242504D4E456467655F7369642D39394343413337462D413233352D343835332D383437322D444532333341443245443332223E0A20202020202020203C6F6D6764693A776179706F696E7420783D223238352E30303030303030303030303030362220793D223233352E30303030303030303030303031222F3E0A20202020202020203C6F6D6764693A776179706F696E7420783D223230302E302220793D223233352E30303030303030303030303031222F3E0A20202020202020203C6F6D6764693A776179706F696E7420783D223230302E302220793D223130392E3939393939373335303930343634222F3E0A2020202020203C2F62706D6E64693A42504D4E456467653E0A2020202020203C62706D6E64693A42504D4E456467652062706D6E456C656D656E743D227369642D41453541454438342D303734362D343738372D393836462D364137393237433334433334222069643D2242504D4E456467655F7369642D41453541454438342D303734362D343738372D393836462D364137393237433334433334223E0A20202020202020203C6F6D6764693A776179706F696E7420783D223335342E353536333634373232353534352220793D2237302E34343336333236323833353032222F3E0A20202020202020203C6F6D6764693A776179706F696E7420783D223435342E353435343431333138323233322220793D2237302E3134373838353935303338353032222F3E0A2020202020203C2F62706D6E64693A42504D4E456467653E0A2020202020203C62706D6E64693A42504D4E456467652062706D6E456C656D656E743D227369642D46423539344242452D383030352D344544432D423343382D393738314544323236433935222069643D2242504D4E456467655F7369642D46423539344242452D383030352D344544432D423343382D393738314544323236433935223E0A20202020202020203C6F6D6764693A776179706F696E7420783D223638302E353030303030303030303030312220793D2238392E3439393939373335303930343634222F3E0A20202020202020203C6F6D6764693A776179706F696E7420783D223638302E353030303030303030303030312220793D223233352E3030303030303030303030303036222F3E0A20202020202020203C6F6D6764693A776179706F696E7420783D223338352E303030303030303030303030332220793D223233352E3030303030303030303030303036222F3E0A2020202020203C2F62706D6E64693A42504D4E456467653E0A2020202020203C62706D6E64693A42504D4E456467652062706D6E456C656D656E743D227369642D33334642463234452D464537302D343730412D394442352D394231383831453133383437222069643D2242504D4E456467655F7369642D33334642463234452D464537302D343730412D394442352D394231383831453133383437223E0A20202020202020203C6F6D6764693A776179706F696E7420783D223535342E353435343431333138323233312220793D2237302E3134323037383834393533323231222F3E0A20202020202020203C6F6D6764693A776179706F696E7420783D223636302E3434333030353038333433392220793D2237302E3434333030323433343334333434222F3E0A2020202020203C2F62706D6E64693A42504D4E456467653E0A2020202020203C62706D6E64693A42504D4E456467652062706D6E456C656D656E743D227369642D35343537313339312D463242332D344342342D383041302D303932444130323737334137222069643D2242504D4E456467655F7369642D35343537313339312D463242332D344342342D383041302D303932444130323737334137223E0A20202020202020203C6F6D6764693A776179706F696E7420783D223235302E302220793D2237302E31383434393931393539323331222F3E0A20202020202020203C6F6D6764693A776179706F696E7420783D223331352E34323539323539323539323630342220793D2237302E3432353932333237363833303536222F3E0A2020202020203C2F62706D6E64693A42504D4E456467653E0A2020202020203C62706D6E64693A42504D4E456467652062706D6E456C656D656E743D227369642D34373638373538312D333535422D343335342D383433432D433330343233333238364146222069643D2242504D4E456467655F7369642D34373638373538312D333535422D343335342D383433432D433330343233333238364146223E0A20202020202020203C6F6D6764693A776179706F696E7420783D223639392E353630313236353832323738362220793D2237302E3433393837303736383632363135222F3E0A20202020202020203C6F6D6764693A776179706F696E7420783D223832352E303030303639363538383436312220793D2237302E3034343136313136393031353535222F3E0A2020202020203C2F62706D6E64693A42504D4E456467653E0A202020203C2F62706D6E64693A42504D4E506C616E653E0A20203C2F62706D6E64693A42504D4E4469616772616D3E0A3C2F646566696E6974696F6E733E',0),('212505',1,'请假流程.process_leave.png','212503',X'89504E470D0A1A0A0000000D494844520000035F0000014B0806000000299E36CD000022BE4944415478DAEDDD0D8C94F5B928F04D0AA949DBD4269AB4699BDA734F9A93DEA4C734986A3C369BA64D6C6A234DC57559AA5B6BA1D7A245D1D45AA8D61B2247AD043C0D6AF1B3AD4288410FF5822E2B5F453842391641A920C8C7F2B1A80B0559387CBCF77DA6F36E8665665976677767677FBFE49F9D9D995DE0E5F93FFFE779BFA6A6060000000000000000000000000000000000000000000000000000000000000000000000000000000000000000000000000000000000000000000000000000000000000000000000000000000000000000000000000000000000000000000000000006429224C3B66CD93277D5AA55279A9B9B93A6A626A31FC7A2458B9265CB96BD978E31A211E42FF90B00AA58142ECB972F4F5A5B5B93A3478F1A0330F6EDDB972C5DBAF4405AC85C252241FE92BF00A04AC51E63854B451430479B9A9ADE1291207FC95F0050A5E2541DC543658CB47839262241FE92BF00A04AC579FB0A878A295E121109F297FC050043BC7839B47F77B265F513C98645F7E4463C8EE7141D8A1790BF0CF90B00CA54BC1C6C6B49D6BF3439F9EB8BB79F32E2B9784DE1A17801F94BFE1291005086E265C786FF3CAD70C9C6CE0DF3151E8A1790BFE42FF90B00CA51BCBCB5F8DF4B162FF19AC243F102F297FC252201A00CC5CBFAA6BB4B162FF19AC243F102F297FC25220140F1A27801F94BFE92BF006070142F7177B052C54BBCA6F050BC80FC257F8948002843F1B269C57F942C5EE2358587E205E42FF94B440240198A97F75BD625EB5FBEEBF45376D2E7E2358587E205E42FF94B440240198A97185BD73C7D5AF112CF293A142F207F19F2170094AB78397224D9F4EACCD34FD9499F8BD7141E8A1790BFE42F110900BD2C5E0EB6B5246FAF78A8E43513F15ABC47F1A17801F94BFE02007A52BC1C3992ECDEF44AF2C6C23B4B162ED988F7C47BED4556BC80FC257F01006751BC9C696FB1BDC88A1790BF0CF90B00CA50BC74676F71577B9115228A970A73AE4D207FC95FF217722C4045162F3D2D5CB2A11051BC5490CBD391E4BF227FC95FF217722C4065152F86E2A54A8C4C475B3AEE4FC7BE745C6393C85F86FC851C0BA07831142FE5D5982F066AF3DF5F98FFFE069B46FE32E42FE45800C58BE245F152DEA26044A7E71507F297217F21C702285E0CC54B99DC918E1DE9B8B8C4EBFF928EADE9186F53C95F86FC851C0B43527D7DFD79757575E3AFB9E69ADFA763753A0EA62349477BFAFC7FA7AF3F9B3EBE6DD4A8519FB6B5142F8A174AB83B5F145C7086F77D2E1D6FA463663A86D96CF297217F21C7A2571812D28D74414343C3A3D75E7BED7B93274FDEF4FCF3CFEFDAB061436B7B7BFBB12475F8F0E19D1B376EDC3C67CE9C2513274E5C9E6ED8F7D29F99996ED87FB6F5142F8A170A4CEB665190895B23AF4EC7EF1507F297217F21C752B9BD42D4FEE9D8976FB6CE34DAF50A25A40DD71DE938347BF6ECF60F3FFC30E98EB4296B9F39736653BA51F7A76392ADA87851BC90FA5D3AFE3B1D67BBB72B8A83A6743CA13890BF0CF90B39968A6BBC6E2B38C275B6E3985E212FED443F3E7EFCF895F7DE7BEF91D6D6D6A427DE7BEFBD0337DD74D37FA51B757E6363A30FF753BC285E86A6610545C1793DFC1DE7A463793AE6E51F237F19F217722C03DC2BD4D5D5CDEBDC504D9E3C39993F7F7EB27DFBF6E4EF7FFF7BAE278803382D2D2DC9C2850B932953A6146BC28676AF70F7DD779FFBB39FFD6CDF534F3D951C3F7E3CE9ADE9D3A7BF515F5FFFD7380F54A82A5E142F434A2CE2F3D3B1B8077B634BFDAE26C581FC65C85FC8B10C6CE395BFA6EB94A6EBEDB7DFEE566FF0EEBBEF26F7DC73CF290D58FE9AB0A1D72B44E375C71D77BC3777EEDCA49C1E7FFCF177A20173044CF1A27819527B6317142CE4C3D331A687BF6B4CFEE7E3773E912F34E412F9CB90BFE45839968169BC1617364ED137F4E4804DFC5C4343C3290DD890EB15A64C99F2B7993367267DE1BEFBEEDB986ED8B9C256F1A278A97A913857E60B836C0FEAE3E948F25F8777F3F70C2FF8B9C70A9EBFBFA677A7D8207FC95FC8B1722C3D90D6F24F64CD52344E2B56ACE8557FB07AF5EAE4073FF841E151B0A1D32BA44DD7BD13264C48BA7B638DB3D5DEDE9EFCF0873FDC9976B5D7085DC58BE2A5AA8B82D535A75EBC3D26BFB867A3B91B7B55CFCDBFAFF0E7C6742A0EDE4A873B25C95F86FC25C7CAB1F44FE375557D7DFDF1AC515AB26449597A8455AB56753E05B1FA7B85C58B177FFCE69B6F3E1EDD675F7AE38D370E8E1E3D7A5B1CB214C28A17C54BD5F95C91A220DBBBFA58A745FECD747CB1C4EFF9A7FCA25FF8FEC78AECCD8DE260ABE240FE32E42F39568EA56FD5D6D60E4B1BAFCD598354EE33E566CD9A55D8806DADFA5EE1B1C71E7BE181071E48FAC3A44993D6A7FF791384B1E245F152552E48C7A674DC5B53FA76C5BF48C7C982C5BE351D97747ACF25F9E7B3F79CCCFF5C2993F2C5C105FE0BE42F43FE9263E558FA46DA10FD246B8EAEBFFEFA8E3B19964B9C79F7E31FFFB8A301ABEA5E21FDF79EF3CB5FFEF25877EF50D25B9B376F3E3A7AF4E875C258F1A278A9AAA22016E7FFDB8DF75E9D8EF68285BF3DFFDC995EEBCA4FF24589BDB3F297217FC9B1722C7DD37CADCC1AA3B8957C5F885BD117DE7CA36A37E69A356BFECFEDB7DF5E96DBCA77D70D37DCF0AE4FB5AEA949BBFAA674FC9BE245F132D862B2C085E9D8978E3BCEE2678AED797DA9C81EDB8BCFE27736E68B930B2D9195152FF297FC851CCBE08EC9B419BA20BBD6ABB1B1B14FEF0F1147D5B206AC6A7B85A79E7A6AE9134F3C91F4A769D3A6BD1E9F886D2F42C7A1D5A6B4C3BF58F1A278192C31D9A928B8A1077F545C8BF066CDA9D71C74E75A85AE8CC9FF7D46584E2B275EE42FF90B3996C11D93E9F3E3B3F7DD77DF7D7DDA23CC9831A3F0DAAFEAEC15A64E9D7AE02F7FF94BBF365F6BD6ACD91A9F662DE04FFB84EF05C5F63E285E142F951693A96FE617E19FF4E28FFB423A3EE854147C907FBEC7FF84FCDFEB9B96D4CA8817F94BFE428E6570C764DCFEBDDC77382C256E5D5FF077A9CE5EE1E69B6F3EB67BF7EE7E6DBEF6ECD9D39A6ED01D02FEB480EFD8FB5018F88A17C54B85C5E4B9F9457C662FFEA86277DBEAED5ED9CCEFF2BFC787845640BCC85FF217722C833B26D3EF3765CF6FDFBEBD4F7B84969696C2BF4775F60A71EE669C63D99FE2CF4B3768BB802F1EF0857B1FE210B0E245F152693199DFEBD9968E2B7AF0C774F77A844B7AF0BBB3BFD7E596D4CA88973FFEF18F7287FC851CCB208EC9741CCEBE2FF75D0E8BDDF5B0E0CF6EAFDA8D3E10BAF19F6DE4477F375F6BD7AECD25E79800EFBFFF7EC778F3CD3793952B5776F9B35BB76E3DE5FBB6B6B664E3C68D25DF1F7FCEF4E9D3BBFC9DF19EDB6EBBADE371DC65277BFCDA6BAFF57BF12226FF31F28BEFD916077D7127AECE45C115FE7F2A6F0C44B3117174E38D3776FBFDCF3DF75CF2A52F7DE994E722EF5553FEEA66B165C8B172AC5174F4778F5095CDD775D75D77B2BF8F7C1D3E7C788F235F5D2E80ABEBEAEAAE880FB41B88D3762229FFE217BFC83D8E736FF7EDDB976BBEE2F9ABAFBEBAE37DBB76ED4AFEF0873F24975C7249F2F4D34F278F3EFA68EE3DF3E6CDCB7DBDE1861B92B973E7763472F1334B972E4D5E78E185E4DA6BAFCD7DFDEC673F9B7CED6B5FCB3D8E11C5CF17BFF8C5D3FE3EF1E17BD9E3679E79E6B4C7F61CF76F4C765A8C0F76B338B8B3E6CC77DB3ADBCFA0C9F4A448A11FE265208FDC470C7DF7BBDF2DF9FA45175D941B593EFACC673E931B593E7AF8E18773BF63E7CE9DF21772AC1C3B6463327D7CD091AF32BAE9A69B8EF6F7355F69D1FE37D77C150DF8A2C9B73F8B97ECA857E7BDBAE79F7F7E72E9A597962C70A2F0C81EBFFEFAEBB9AF4F3EF964B26DDBB6DCE368D48A151C1FFDE84793A953A7767C3F7CF8F08EC6EF9D77DEC9FDDEF899749B2473E6CCC93DCEF644C7E375EBD6C50D5C142FFD1C93A5F68696787D783A1EAFE9FE3507C5EED2F578FEF7141377DEDAA728A8CC7819E8E62B9AA9AEDE130DD557BEF295D39AAFDFFEF6B7C9C73EF6B1D37E9FFC851CCB508B49D77C95D9E4C99337AD5AB5AA5F9BAF975E7AE9FFB9DBE12901BFB2BEBE7E64A9E4DB5FC54B140B5971F1E52F7F39F9C637BE917B3E8E6AC5E3F81AC5C88E1D3B8A365F070F1ECC3D8EA361350547BE0A8B9F03070EE41ABC68C662647B85E3719C9E58AC50EABCE7F8539FFA546E0F733C5EB06041EE6B7CAF78E9BF983CCBBDA2633A2DF2CD3567BE50FBDCFCFB0A7FAEA14451127B85475A422B335E06AAF98A333A226E3EF9C94F76F9BEC8515FFDEA577339289AB018D951FDCF7FFEF3A7BC57FE428E6528C6A4BB1D96D9FDF7DF3F2B1686FE74D75D77BDE873BE72C1DC9D3D5EFD56BCC451AAD873BB69D3A65C228E662C0A97071F7CB0E33DB197365E8BBF53345BD9698571CA611C258BC7D9298AD1C465054A61C316DF472397356BF13BE2715C0BD1794F73F6FEB80E23FBB3B3EBCEE2F185175EE8B49D0188C92E8A838335C52FC4CEF6CA3ED6C5DED5627B731F2BF8B9527B831505151C2F03D57CC5F55435F9235FD188957ADF65975D96DC7AEBADB91C14F924463C8E26ABB9B9B9683E92BF9063194A31D99F9FF3356DDAB4EAFF9CAF499326FDAFF1E3C79F387EFC78BFDDEC70F4E8D1EFC4A7650BF9EEE9CFE265CF9E3DB9A220AEF38AC629CEBD8DC2221B2FBEF862AE49EBEAB4C3AC218BEB22E2F1E2C58B4F7B7F9CC2989D92139F669E9DF273E5955776BC6FF9F2E5491A2B1DCD5EE1EFCF1EC7A93C8A978A927D36CDE54516F9861EFECE31458A09D71FC85F673CE5F0DBDFFE762E8FC4E3520D58E4B462D77CC5F55CD134153BD22F7F21C732943434347C2EADDB8F4543943ECEED64EF0B7193B63163C69C2C68BEAAB757B8F5D65B37F7D7072DBFF4D24B7F4837E672A15C79C54B769A4E5CC710A7DCC469343FFFF9CF73D725D4E4AFE18A862C2647E762248E92455396153835F9235FD1C4156BD60A0B90AC718B53700A4F11CAEEB658D3E922F5C29F8DBF5B577BB5152F03225BB4FBEA56C46E752C7F752B97C511AA2C57C4DEDACE47FAE374EA68D08A355F93274F4E264C9890FBD9C2EBB2E42FE45886A2F8DCAFAC298A1AB12F3CFBECB38547BDAABB57F8D18F7E346AE2C489C7FAE1E857DBE8D1A3D7A6FF8163847165162FD12C658FE3C61985CD54B1BDB4710A4D4DFE8E627121799C7A93ED118E8226AE65883DC09D9BAF287A3AEF393EEFBCF372C5CE99AE9988D389E29CE0789CDDD063FDFAF58A97CA2B0EF6F5C1E2FD6F8A02F9AB3B47BDC68D1BD7F17DE487C266AC3B47BE221F7DEF7BDF2BFABBE52FE4588660F335326B8CE2E857B96FBC11BF2FED114E167CC873F5F70AE942B52E0AE7BE14D7974527DBC3739D152F7D3CE233BAA210888BCC63AF46612356D87CD5E46FBD1CA7E3C4E352D74514EEEDCD6ED5DCD59D128B35825971127B8BB3BDD935057763CCEECE987D8E8EE2A5A2947BEF691405BB6B9C06237F9DA1F18AD3FD8A7D8657BC1637D7E87CF43EDBC914392B3B321547F3E3FAD733FD59F217722C43455AC32FCE9AA3B856B65CB79D8F3305264E9C78BCF0A8D790E815E2BCCAEBAFBFFEF0DB6FBFDD278DD7BA75EB5E48FF8CDD6927FB2FC2B7728B97C20F498E2225FB0C9B285CB2CFB2890BD43B7FD8725C2B16178FC7293CF19E983C8D8D8DB9C7F13960714A4EA9E225FBD0D162235EAB29B848BDB0D089D7BEF5AD6FE5FECC52CD9DE2A522F6CE96A3385014C85F5D8EC80171C3A0B8757C57B7958F7C52ECC3E0E3E854BC76D75D779D55A3277F21C732849AAF0BD2B12F6B92225FF6B6018BC66BCA942985D7791D1C52BDC29831631AC68D1BF7616B6B6B591BAF7461F9F3E8D1A3B739DD7070EC39EEEF6B3306D3DF57F13220C5415F5FDF80FC257F21C7CAB174435D5DDD35D9CD37B223603D3D05317EAED311AF6448F60A0D0D0DD78F1D3BF660B98E80C511AF68BCD2FFAC3B84ACE265B00FC54B8FF5F4F41877DC92BF0CF90B39960A9236498D850D585C031697ABC45904DDBDAB61DC5CA3F01AAF1843BA5788AE76CC9831079E7FFEF943BDB80947DB6F7EF39B27E254C3F84F12AA8A17C58BBDB367591CD81B2B7F19F217722C15DA2BA4A3ADB0798A262CEE2C1B1FC41C47B5B25312E3D4C2969696DCCD8666CC98915C77DD75270A7F2E4E35D42BFCA3ABBD20ED489BC78D1BB767EDDAB587CFE673BC5E7EF9E567D3E66D755C30E71A2FC58BE2854E7B67BB7387AEDA9A7F7C98A8BDB1F297217F21C752A1BD42E12DE87B38F40A4536EC55D184353636B64E9D3A75C39FFFFCE76D69F7BA3BCE750F870F1FDEB36BD7AEBF2D5AB4E84F77DF7DF782B4EBDD121B323A58773554BC285E28B1B7B5AB453F8A82B8F0DB5E30F9CB90BF90631904BD42BE093B76364D975EE10CE2D3ADD30D3B21DD5073D3B1351DEDF98D175F77A4637E3A6EABEA4FA356BC285E142F7D5D1C7477AF2DF297217F21C752D9BDC209BD028A1743F15239BED9A938C88A02A7C1C85F86FC851CCB20565757777176242C6DC834FB285E0CC54B85C8F6CE4EABB13756FE32E42FE458AAA5F99A57708AE16A5B04C58BA178A91CB13736B6ABBDB1F297217F21C732C8A5CDD688CED77FA5CD98F843F162285E2AC8B93681FC65C85FC8B15445F335BFC80D3656BBB9068A1743F1523989DA7695BF0CF90B3996C11F6B234ADDF5B0BEBE7EA42D84E2C550BC280C90BFE42FE458284FAC2DE8E2F6F22B6D21142F86E2456180FC257F21C742EFE36CC4993EEBCBB55F285E0CC58BC200F94BFE428E85DEC7D9FC6E7CB8B23B1FA27831142F0A03E42FF90B3916C41E285E142F9233F297217F21C722F640F1A278417246FE92BF906341ECA17831142F9233F297217FC9B1722C620F142F8A172467F9CB90BF9063117BA07831142F9233F297FC851C0B620FC58BA178919C91BF0CF90B3916B1078A17C50B9233F297FC851C8BD8137B285E0CC58BE48CFC257F21C782D803C58BE2457246FE32E42FE458C41E285E0CC58BE48CFC257F21C782D843F162285E2467E42F43FE428E45EC416F3437372B1C2A63B4A7C5CB31112939237FC95FC8B120F6A852CB962DDBDDDADAAA7818E0D1D2D2323B2D5EDE12919233F297FC851C0B628F2AF5CA2BAF5CB964C992FD7BF7EE3DAC8818983DC651B82C5AB4685B3AAE12919233F297FC851C0B628F2A962E9A57343535AD8ED346E2BC7DA35F476CF3B7142E9233F297FC851C0B620F06C3E41B6102223903C8B1883DA0EF27DFFC9880B5B5B5C36C0D2467003916B107F481BABABA8BD3C9772C26607D7DFDE5B6089233801C8BD803FAA6F99A17932F3F56DB2248CE00722C620F28FFA41B911DF5CA46DA8C5D61CB203903C8B1883DA0BC936E7E61E3951DFD72ED179233801C8BD803CA37E14E3BEA958DFAFAFA91B6109233801C8BD803CA33E116146BBCF263A52D84E40C20C722F680DE4FB69247BD5CFB85E40C20C722F680F24DB6F95D355EEE7C88E40C20C722F6001310B10120C782D8031310B101801C8BD8034C40C406801C0B620F4C40C406801C0B620F4C40C40600722C620F3001111B00722C883D3001111B00C8B1883DC004446C00C8B1883DC004446C00C8B120F6C004446C0020C722F6001310B10120C782D8031310B101801C8BD8031310C406801C8BD8034C40C406801C0B620F4C40C40600722C620F3001111B00722C883D3001111B00722C883D3001111B00C8B1883DC004446C00C8B120F6C004446C0020C722F6001310B10120C722F6001310B10120C782D8031310B101801C8BD8034C40C406801C0B620F4C40C406801C2BC722F6C00404B10120C722F6001310B10120C782D8031310B101801C8BD8034C40C406801C8BD8137B6002223600E458107B60022236009063117B800988D800906341EC810988D800408E45EC0126206203408E45EC0126206203408E05B10726206203003916B1079880880D003916C41E9880880D003916C41E9880203600E458C41E6002223600E458107B60022236009063117B800988D8009063117B800988D800906341EC810988D800408E45EC0126206203408E05B10726206203003916B10726A00988D8009063117B800988D800906341EC810988D800408E45EC0126206203408E05B10726206203408E05B1072620880D003916B1079880880D003916C41E9880880D00E458C41E6002223600E458C41E6002223600E458107B60022236009063117B800988D800906341EC810988D800408E45EC8109086203408E45EC0126206203408E05B10726206203003916B1079880880D003916C41E9880880D003916C41E9880880DB10120C722F600139032C7C1FC8885338CD5B61480F517B1079880F42E0E46A4E35857CD575D5DDD15B61480F517B1079880F43E161674D17CADACADAD1D662B01587F117B800948EF636144A9E6ABBEBE7EA42D0460FD45EC012620E58B8762D77EAD76D40BC0FA8BD8034C40CA1B0FA75DFBE55A2F00EB2F620F3001E90369B335CF512F00EB2F620F3001E9FBE6EBE2826BBD2EB74500ACBF883DC004A4EFE22277ED97A35E00D65FC41E6002D2B77131426C00587F117B800958D1922419B665CB96B9AB56AD3AD1DCDC9C34353519FD3C162D5A942C5BB6ECBD748C119180F517C41E9880552A1AAFE5CB9727ADADADC9D1A3478D011AFBF6ED4B962E5D7A206DC4AE129580F517C41E988055288E7869BC2AA6013BDAD4D4F496A804ACBF20F6C004AC4271AAA1C6A77246DA7C1D139580F517C41E98805528AE39D2F45454F325C601EB2F883D30018772F37568FFEE64CBEA27920D8BEEC98D781CCF6998345F80F517C41E988094A9F93AD8D692AC7F6972F2D7176F3F65C473F19AA649F305587F41EC810948199AAF1D1BFEF3B4C62B1B3B37CCD73469BE00EB2F883D30012947F3F5D6E27F2FD97CC56B9A26CD1760FD05B10726206568BED637DD5DB2F98AD7344D9A2FC0FA0B620F4C40345F9A2F00EB2F620F30010747F31577372CD57CC56B9A26CD1760FD05B10726206568BE36ADF88F92CD57BCA669D27C01D65F107B60025286E6EBFD9675C9FA97EF3AFD94C3F4B9784DD3A4F902ACBF20F6C004A40CCD578CAD6B9E3EADF98AE7344C9A2FC0FA0B620F4C40CAD57C1D39926C7A75E6E9A71CA6CFC56B9A26CD1760FD05B1072620BD6CBE0EB6B5246FAF78A8E4355FF15ABC47E3A4F902ACBF20F6C004A427CDD79123C9EE4DAF246F2CBCB364E3958D784FBCD75130CD1760FD05B107262067D17C9DE96897A3609A2FC0FA0B620F4C40CAD07C75E768575747C134519A2FC0FA0B620F4C40BAD17CF5B4F1CA86264AF305587F41EC810948379A2F43F30560FD45EC810968026ABE345F00D65FC41E60026ABE0CCD1760FD05B10726209A2FCD1780F517B10798809A2F43F305587F41EC8109A8F932345F80F517C41E988068BE345F00D65FC41E60026ABE0CCD1760FD05B10726A0E64BF3A5F902B0FE22F6001350F3A5F902B0FE22F6001350F36568BE00EB2F883D3001D17C69BE00ACBF883DC004D47C199A2FC0FA0B620F4CC02A525B5B3B4CF3A5F902B0FE22F60013B08F2449F2E99D3B77AE5CB162453269D2A489A59A30CDD7E06ABED23930A2AEAE6E9E0807ACBF883DC004AC00DBB76F9FDCDEDE7E2CC93B72E4C8FFCC9E3D7BD34F7FFAD3FFADF91A9CCD57345DE9989F8E63E60160FD45EC0126E0003B74E8D0BFEEDDBBF7DDA484AD5BB7B64F9D3AF5E1C6C6C673345F83A3F9EADC746543B403D65FC41E60020E80B4AF3A67C78E1DBF3F71E2C4C9E40C4E9E3C7962E1C285EFDD72CB2DDFD57C556EF355575777719C5ED8B9E9D27C01D65FC41E60020E90BD7BF77E7FFFFEFD0792B3D4D6D67664E6CC99CDF3E7CFD7F45458F355EC4897E60BB0FE22F6807E9F80C6A963C68C19D148253D68BE723F1BBFA3A5A5A5629B91F7DF7F3F926EEEEFDBDEDE9EAC5DBB36F75CE158BC78F1693F173F73DF7DF7257BF6ECE9F87ECA942983A5F9320CC3A8B8A10A41F3050C790D0D0D9F1B3B76EC9F5E7DF5D5DD274F9E3CDE9DC66BFFFEFDCF8C1B376E719CD696AAF886E4231FF94872D96597E59AAF68A2A2018BAF0F3CF040477396BDF7139FF844F2E69B6FE69E5BBA74691247F6D6AF5F9FFBFEB5D75E4B162C58907BBC6FDFBE8A3EEDF0EAABAFFE66BAE0AC540401A0F902A830F5F5F5237FFDEB5FEF686B6B6BEDE27AAFF58F3CF2C8EFD244B629DE1F3F3758AEF93A70E040C711ACA79F7E3AF7F5D24B2FCD9A958EF745B3357DFAF4DC734F3EF964EEEBE8D1A393679E79A6E3E7E7CC9933686EB891FE3F5D9EFE7F2DD77C01A0F902A820A3468DFA784343C3F4E79E7BAEF5C48913870BFAAEF6CD9B373F9CBEB6BEAEAE6E5A6363E3B9D9CF5472F31547A7E273CAA2614AFF4D1DCD5376642B8E686DDCB8F194E6EB85175E48264F9E7C4A931647BC962F5FDEF1FDC1830707DDADE6F347C2966BBE00D07C015456A21A71CB2DB7ACDBB2654BCBE1C38797DE79E79D73F2A7B08DE8FCDEC170E42B1AA6ECF4C878FCD0430F25DFFFFEF7936BAFBD3679F9E5974F69BEB66DDB96CC9A352BF7DC45175DD4F1739B366DCA3DF79DEF7C67507FC872FE48D84A510E80E60BA042D4D6D60E4B0BF50991B4E26B7C5FEC7D83B1F98A1147B8E26BE7235FE79D775EEE5AAF786EE7CE9DB9EBC5621BC4B55EF1FA8D37DE987BADB9B97950365F00A0F902A8E026ACABD7074BF315A7186EDDBAB5E37AAEEC461BD9CD34E27DBB76EDCA7D8DC62A8E74C588D315BFFEF5AFE71EAF59B326D78C7DF8E18783F6C8170068BE0006A9C1D27C0D1F3E3C77038DECA856DC3423BEC66986350547BE0A7F26AE0DCB8E90655F1F7CF0C1417DDA210068BE00345F7DDA7CC56779D5E46F11FFFAEBAFE79ECF6E9C51AAF95AB76E5DAEE9FAC217BE70CA6BD91132CD170068BE00345F9D465CDB15A718163E17A711D6E46FAC5178ABF968B8CE3FFFFCDCD7B8F9467C46D8F8F1E373DF3FFAE8A3B99FC96E5DAFF90200CD1780E66B080ECD170068BE00CD97A1F90200CD1780E64BF305009A2F00CD97A1F90200CD17A0F9D2F468BE0040F305A0F9D27C0180E60B40F36568BE0040F305A0F9D27C0180E60B40F36568BE0040F30568BE0CCD170068BE00345F9A2F00D07C0168BE0CCD170068BE00345F9A2F00D07C0168BE345F161900D07C019A2F43F305009A2F00CD97E60B00345F009A2F43F305009A2F40F36568BE0040F305A0F9D27C0180E60B40F36568BE0040F305A0F9D27C0180E60B40F36568BE0040F30568BE0CCD170068BE00345F9A2F00D07C0168BE0CCD170068BE00345F9A2F00D07C01F4AFE6E6664D4FE58CF6B4F93A262A0140F30554A165CB96ED6E6D6DD5F854C0686969999D365F6F894A00D07C0155E895575EB972C99225FBF7EEDD7B5803347047BCA2F15AB468D1B6745C252A0140F30554A9B4E0BFA2A9A969759CF216D71C0DC6316FDEBC64B0FEDDF3DBFD2D8D170068BE002ADADEBD7BBF3F63C68C244DD017D81A00A0F902A00F244972CE071F7CD0964AC68E1DFB275B0400345F00F4811D3B76FC3EC97BF5D5575BEAEBEB47DA2A00A0F902A08C0E1D3AF4AF274E9C389914983265CA8EC6C6C6736D1D00D07C0150267BF6ECD99274B27FFFFE3D0D0D0DD36D1D00D07C015006DBB76F9F9C94306FDEBC3D69B21E612B0180E60B805E48FBAB4F1F3972E47F4A355F274F9E3C7ACB2DB7ACABADAD1D666B0180E60B801EDAB973E7CAE40CB66CD9B2A3BEBE7E82AD05009A2F007A68C58A1567EABD92F6F6F62591B01B1B1BCFB1C50040F305400FFCEA57BFFA6957A71D46EF75E79D77CE71E40B00345F00F4D2ECD9B3FF56AAF3DABC79F3C369B25EE99A2F00D07C01D04BA3468DFAE7B4C96A2F72B38DF50D0D0DEBDDED1000345F0094C9FDF7DFFF50DA6C9D286CBE66CD9AF5585D5DDD345B0700345F0094499C56B870E1C2D6820F587E264DD29B1A1B1BCFB5750040F30540198D1F3FFE1B6D6D6D47D2918C1D3B76517D7DFD485B0500345F00F481471E7964C18C193392BABABA79B6060068BE00E823719A6124E7B80987AD01009A2F00246700C0FA0E20390300D67700246700B0BE0320390300D67700C91900B0BE0320390300D67700C91900B0BE0320390380F51D00C91900B0BE0348CE0080F51D00C91900B0BE0348CE0080F51D40720600ACEF0048CE0080F51D40720600ACEF0048CE00607D0740720600ACEF00923300607D0740720600ACEF00923300607D0740720600EB3B00923300607D07909C0100EB3B0092330058DFADEF00923300607D07909C0100EB3B00923300607D07909C0100EB3B0092330058DF0118E8E46C1886611846F50D550E00000000000000000000000000000000000000000000000000000000005075FE3F9FEF977BF087DB470000000049454E44AE426082',1);

#
# Structure for table "act_re_model"
#

DROP TABLE IF EXISTS `act_re_model`;
CREATE TABLE `act_re_model` (
  `ID_` varchar(64) COLLATE utf8_bin NOT NULL,
  `REV_` int(11) DEFAULT NULL,
  `NAME_` varchar(255) COLLATE utf8_bin DEFAULT NULL,
  `KEY_` varchar(255) COLLATE utf8_bin DEFAULT NULL,
  `CATEGORY_` varchar(255) COLLATE utf8_bin DEFAULT NULL,
  `CREATE_TIME_` timestamp(3) NULL DEFAULT NULL,
  `LAST_UPDATE_TIME_` timestamp(3) NULL DEFAULT NULL,
  `VERSION_` int(11) DEFAULT NULL,
  `META_INFO_` varchar(4000) COLLATE utf8_bin DEFAULT NULL,
  `DEPLOYMENT_ID_` varchar(64) COLLATE utf8_bin DEFAULT NULL,
  `EDITOR_SOURCE_VALUE_ID_` varchar(64) COLLATE utf8_bin DEFAULT NULL,
  `EDITOR_SOURCE_EXTRA_VALUE_ID_` varchar(64) COLLATE utf8_bin DEFAULT NULL,
  `TENANT_ID_` varchar(255) COLLATE utf8_bin DEFAULT '',
  PRIMARY KEY (`ID_`),
  KEY `ACT_FK_MODEL_SOURCE` (`EDITOR_SOURCE_VALUE_ID_`),
  KEY `ACT_FK_MODEL_SOURCE_EXTRA` (`EDITOR_SOURCE_EXTRA_VALUE_ID_`),
  KEY `ACT_FK_MODEL_DEPLOYMENT` (`DEPLOYMENT_ID_`),
  CONSTRAINT `ACT_FK_MODEL_DEPLOYMENT` FOREIGN KEY (`DEPLOYMENT_ID_`) REFERENCES `act_re_deployment` (`ID_`),
  CONSTRAINT `ACT_FK_MODEL_SOURCE` FOREIGN KEY (`EDITOR_SOURCE_VALUE_ID_`) REFERENCES `act_ge_bytearray` (`ID_`),
  CONSTRAINT `ACT_FK_MODEL_SOURCE_EXTRA` FOREIGN KEY (`EDITOR_SOURCE_EXTRA_VALUE_ID_`) REFERENCES `act_ge_bytearray` (`ID_`)
) ENGINE=InnoDB DEFAULT CHARSET=utf8 COLLATE=utf8_bin;

#
# Data for table "act_re_model"
#

INSERT INTO `act_re_model` VALUES ('142517',53,'请假流程','processKey',NULL,'2018-01-25 17:21:39.000','2018-05-17 21:11:56.681',1,'{\"name\":\"请假流程\",\"description\":\"\"}','212503','142518','142519','');

#
# Structure for table "act_re_procdef"
#

DROP TABLE IF EXISTS `act_re_procdef`;
CREATE TABLE `act_re_procdef` (
  `ID_` varchar(64) COLLATE utf8_bin NOT NULL,
  `REV_` int(11) DEFAULT NULL,
  `CATEGORY_` varchar(255) COLLATE utf8_bin DEFAULT NULL,
  `NAME_` varchar(255) COLLATE utf8_bin DEFAULT NULL,
  `KEY_` varchar(255) COLLATE utf8_bin NOT NULL,
  `VERSION_` int(11) NOT NULL,
  `DEPLOYMENT_ID_` varchar(64) COLLATE utf8_bin DEFAULT NULL,
  `RESOURCE_NAME_` varchar(4000) COLLATE utf8_bin DEFAULT NULL,
  `DGRM_RESOURCE_NAME_` varchar(4000) COLLATE utf8_bin DEFAULT NULL,
  `DESCRIPTION_` varchar(4000) COLLATE utf8_bin DEFAULT NULL,
  `HAS_START_FORM_KEY_` tinyint(4) DEFAULT NULL,
  `HAS_GRAPHICAL_NOTATION_` tinyint(4) DEFAULT NULL,
  `SUSPENSION_STATE_` int(11) DEFAULT NULL,
  `TENANT_ID_` varchar(255) COLLATE utf8_bin DEFAULT '',
  PRIMARY KEY (`ID_`),
  UNIQUE KEY `ACT_UNIQ_PROCDEF` (`KEY_`,`VERSION_`,`TENANT_ID_`)
) ENGINE=InnoDB DEFAULT CHARSET=utf8 COLLATE=utf8_bin;

#
# Data for table "act_re_procdef"
#

INSERT INTO `act_re_procdef` VALUES ('process_leave:1:212506',1,'http://www.activiti.org/processdef','请假流程','process_leave',1,'212503','请假流程.bpmn20.xml','请假流程.process_leave.png',NULL,0,1,1,'');

#
# Structure for table "act_procdef_info"
#

DROP TABLE IF EXISTS `act_procdef_info`;
CREATE TABLE `act_procdef_info` (
  `ID_` varchar(64) COLLATE utf8_bin NOT NULL,
  `PROC_DEF_ID_` varchar(64) COLLATE utf8_bin NOT NULL,
  `REV_` int(11) DEFAULT NULL,
  `INFO_JSON_ID_` varchar(64) COLLATE utf8_bin DEFAULT NULL,
  PRIMARY KEY (`ID_`),
  UNIQUE KEY `ACT_UNIQ_INFO_PROCDEF` (`PROC_DEF_ID_`),
  KEY `ACT_IDX_INFO_PROCDEF` (`PROC_DEF_ID_`),
  KEY `ACT_FK_INFO_JSON_BA` (`INFO_JSON_ID_`),
  CONSTRAINT `ACT_FK_INFO_JSON_BA` FOREIGN KEY (`INFO_JSON_ID_`) REFERENCES `act_ge_bytearray` (`ID_`),
  CONSTRAINT `ACT_FK_INFO_PROCDEF` FOREIGN KEY (`PROC_DEF_ID_`) REFERENCES `act_re_procdef` (`ID_`)
) ENGINE=InnoDB DEFAULT CHARSET=utf8 COLLATE=utf8_bin;

#
# Data for table "act_procdef_info"
#


#
# Structure for table "act_ru_execution"
#

DROP TABLE IF EXISTS `act_ru_execution`;
CREATE TABLE `act_ru_execution` (
  `ID_` varchar(64) COLLATE utf8_bin NOT NULL,
  `REV_` int(11) DEFAULT NULL,
  `PROC_INST_ID_` varchar(64) COLLATE utf8_bin DEFAULT NULL,
  `BUSINESS_KEY_` varchar(255) COLLATE utf8_bin DEFAULT NULL,
  `PARENT_ID_` varchar(64) COLLATE utf8_bin DEFAULT NULL,
  `PROC_DEF_ID_` varchar(64) COLLATE utf8_bin DEFAULT NULL,
  `SUPER_EXEC_` varchar(64) COLLATE utf8_bin DEFAULT NULL,
  `ACT_ID_` varchar(255) COLLATE utf8_bin DEFAULT NULL,
  `IS_ACTIVE_` tinyint(4) DEFAULT NULL,
  `IS_CONCURRENT_` tinyint(4) DEFAULT NULL,
  `IS_SCOPE_` tinyint(4) DEFAULT NULL,
  `IS_EVENT_SCOPE_` tinyint(4) DEFAULT NULL,
  `SUSPENSION_STATE_` int(11) DEFAULT NULL,
  `CACHED_ENT_STATE_` int(11) DEFAULT NULL,
  `TENANT_ID_` varchar(255) COLLATE utf8_bin DEFAULT '',
  `NAME_` varchar(255) COLLATE utf8_bin DEFAULT NULL,
  `LOCK_TIME_` timestamp(3) NULL DEFAULT NULL,
  PRIMARY KEY (`ID_`),
  KEY `ACT_IDX_EXEC_BUSKEY` (`BUSINESS_KEY_`),
  KEY `ACT_FK_EXE_PROCINST` (`PROC_INST_ID_`),
  KEY `ACT_FK_EXE_PARENT` (`PARENT_ID_`),
  KEY `ACT_FK_EXE_SUPER` (`SUPER_EXEC_`),
  KEY `ACT_FK_EXE_PROCDEF` (`PROC_DEF_ID_`),
  CONSTRAINT `ACT_FK_EXE_PARENT` FOREIGN KEY (`PARENT_ID_`) REFERENCES `act_ru_execution` (`ID_`),
  CONSTRAINT `ACT_FK_EXE_PROCDEF` FOREIGN KEY (`PROC_DEF_ID_`) REFERENCES `act_re_procdef` (`ID_`),
  CONSTRAINT `ACT_FK_EXE_PROCINST` FOREIGN KEY (`PROC_INST_ID_`) REFERENCES `act_ru_execution` (`ID_`) ON DELETE CASCADE ON UPDATE CASCADE,
  CONSTRAINT `ACT_FK_EXE_SUPER` FOREIGN KEY (`SUPER_EXEC_`) REFERENCES `act_ru_execution` (`ID_`)
) ENGINE=InnoDB DEFAULT CHARSET=utf8 COLLATE=utf8_bin;

#
# Data for table "act_ru_execution"
#


#
# Structure for table "act_ru_event_subscr"
#

DROP TABLE IF EXISTS `act_ru_event_subscr`;
CREATE TABLE `act_ru_event_subscr` (
  `ID_` varchar(64) COLLATE utf8_bin NOT NULL,
  `REV_` int(11) DEFAULT NULL,
  `EVENT_TYPE_` varchar(255) COLLATE utf8_bin NOT NULL,
  `EVENT_NAME_` varchar(255) COLLATE utf8_bin DEFAULT NULL,
  `EXECUTION_ID_` varchar(64) COLLATE utf8_bin DEFAULT NULL,
  `PROC_INST_ID_` varchar(64) COLLATE utf8_bin DEFAULT NULL,
  `ACTIVITY_ID_` varchar(64) COLLATE utf8_bin DEFAULT NULL,
  `CONFIGURATION_` varchar(255) COLLATE utf8_bin DEFAULT NULL,
  `CREATED_` timestamp(3) NOT NULL DEFAULT CURRENT_TIMESTAMP(3),
  `PROC_DEF_ID_` varchar(64) COLLATE utf8_bin DEFAULT NULL,
  `TENANT_ID_` varchar(255) COLLATE utf8_bin DEFAULT '',
  PRIMARY KEY (`ID_`),
  KEY `ACT_IDX_EVENT_SUBSCR_CONFIG_` (`CONFIGURATION_`),
  KEY `ACT_FK_EVENT_EXEC` (`EXECUTION_ID_`),
  CONSTRAINT `ACT_FK_EVENT_EXEC` FOREIGN KEY (`EXECUTION_ID_`) REFERENCES `act_ru_execution` (`ID_`)
) ENGINE=InnoDB DEFAULT CHARSET=utf8 COLLATE=utf8_bin;

#
# Data for table "act_ru_event_subscr"
#


#
# Structure for table "act_ru_job"
#

DROP TABLE IF EXISTS `act_ru_job`;
CREATE TABLE `act_ru_job` (
  `ID_` varchar(64) COLLATE utf8_bin NOT NULL,
  `REV_` int(11) DEFAULT NULL,
  `TYPE_` varchar(255) COLLATE utf8_bin NOT NULL,
  `LOCK_EXP_TIME_` timestamp(3) NULL DEFAULT NULL,
  `LOCK_OWNER_` varchar(255) COLLATE utf8_bin DEFAULT NULL,
  `EXCLUSIVE_` tinyint(1) DEFAULT NULL,
  `EXECUTION_ID_` varchar(64) COLLATE utf8_bin DEFAULT NULL,
  `PROCESS_INSTANCE_ID_` varchar(64) COLLATE utf8_bin DEFAULT NULL,
  `PROC_DEF_ID_` varchar(64) COLLATE utf8_bin DEFAULT NULL,
  `RETRIES_` int(11) DEFAULT NULL,
  `EXCEPTION_STACK_ID_` varchar(64) COLLATE utf8_bin DEFAULT NULL,
  `EXCEPTION_MSG_` varchar(4000) COLLATE utf8_bin DEFAULT NULL,
  `DUEDATE_` timestamp(3) NULL DEFAULT NULL,
  `REPEAT_` varchar(255) COLLATE utf8_bin DEFAULT NULL,
  `HANDLER_TYPE_` varchar(255) COLLATE utf8_bin DEFAULT NULL,
  `HANDLER_CFG_` varchar(4000) COLLATE utf8_bin DEFAULT NULL,
  `TENANT_ID_` varchar(255) COLLATE utf8_bin DEFAULT '',
  PRIMARY KEY (`ID_`),
  KEY `ACT_FK_JOB_EXCEPTION` (`EXCEPTION_STACK_ID_`),
  CONSTRAINT `ACT_FK_JOB_EXCEPTION` FOREIGN KEY (`EXCEPTION_STACK_ID_`) REFERENCES `act_ge_bytearray` (`ID_`)
) ENGINE=InnoDB DEFAULT CHARSET=utf8 COLLATE=utf8_bin;

#
# Data for table "act_ru_job"
#


#
# Structure for table "act_ru_task"
#

DROP TABLE IF EXISTS `act_ru_task`;
CREATE TABLE `act_ru_task` (
  `ID_` varchar(64) COLLATE utf8_bin NOT NULL,
  `REV_` int(11) DEFAULT NULL,
  `EXECUTION_ID_` varchar(64) COLLATE utf8_bin DEFAULT NULL,
  `PROC_INST_ID_` varchar(64) COLLATE utf8_bin DEFAULT NULL,
  `PROC_DEF_ID_` varchar(64) COLLATE utf8_bin DEFAULT NULL,
  `NAME_` varchar(255) COLLATE utf8_bin DEFAULT NULL,
  `PARENT_TASK_ID_` varchar(64) COLLATE utf8_bin DEFAULT NULL,
  `DESCRIPTION_` varchar(4000) COLLATE utf8_bin DEFAULT NULL,
  `TASK_DEF_KEY_` varchar(255) COLLATE utf8_bin DEFAULT NULL,
  `OWNER_` varchar(255) COLLATE utf8_bin DEFAULT NULL,
  `ASSIGNEE_` varchar(255) COLLATE utf8_bin DEFAULT NULL,
  `DELEGATION_` varchar(64) COLLATE utf8_bin DEFAULT NULL,
  `PRIORITY_` int(11) DEFAULT NULL,
  `CREATE_TIME_` timestamp(3) NULL DEFAULT NULL,
  `DUE_DATE_` datetime(3) DEFAULT NULL,
  `CATEGORY_` varchar(255) COLLATE utf8_bin DEFAULT NULL,
  `SUSPENSION_STATE_` int(11) DEFAULT NULL,
  `TENANT_ID_` varchar(255) COLLATE utf8_bin DEFAULT '',
  `FORM_KEY_` varchar(255) COLLATE utf8_bin DEFAULT NULL,
  PRIMARY KEY (`ID_`),
  KEY `ACT_IDX_TASK_CREATE` (`CREATE_TIME_`),
  KEY `ACT_FK_TASK_EXE` (`EXECUTION_ID_`),
  KEY `ACT_FK_TASK_PROCINST` (`PROC_INST_ID_`),
  KEY `ACT_FK_TASK_PROCDEF` (`PROC_DEF_ID_`),
  CONSTRAINT `ACT_FK_TASK_EXE` FOREIGN KEY (`EXECUTION_ID_`) REFERENCES `act_ru_execution` (`ID_`),
  CONSTRAINT `ACT_FK_TASK_PROCDEF` FOREIGN KEY (`PROC_DEF_ID_`) REFERENCES `act_re_procdef` (`ID_`),
  CONSTRAINT `ACT_FK_TASK_PROCINST` FOREIGN KEY (`PROC_INST_ID_`) REFERENCES `act_ru_execution` (`ID_`)
) ENGINE=InnoDB DEFAULT CHARSET=utf8 COLLATE=utf8_bin;

#
# Data for table "act_ru_task"
#


#
# Structure for table "act_ru_identitylink"
#

DROP TABLE IF EXISTS `act_ru_identitylink`;
CREATE TABLE `act_ru_identitylink` (
  `ID_` varchar(64) COLLATE utf8_bin NOT NULL,
  `REV_` int(11) DEFAULT NULL,
  `GROUP_ID_` varchar(255) COLLATE utf8_bin DEFAULT NULL,
  `TYPE_` varchar(255) COLLATE utf8_bin DEFAULT NULL,
  `USER_ID_` varchar(255) COLLATE utf8_bin DEFAULT NULL,
  `TASK_ID_` varchar(64) COLLATE utf8_bin DEFAULT NULL,
  `PROC_INST_ID_` varchar(64) COLLATE utf8_bin DEFAULT NULL,
  `PROC_DEF_ID_` varchar(64) COLLATE utf8_bin DEFAULT NULL,
  PRIMARY KEY (`ID_`),
  KEY `ACT_IDX_IDENT_LNK_USER` (`USER_ID_`),
  KEY `ACT_IDX_IDENT_LNK_GROUP` (`GROUP_ID_`),
  KEY `ACT_IDX_ATHRZ_PROCEDEF` (`PROC_DEF_ID_`),
  KEY `ACT_FK_TSKASS_TASK` (`TASK_ID_`),
  KEY `ACT_FK_IDL_PROCINST` (`PROC_INST_ID_`),
  CONSTRAINT `ACT_FK_ATHRZ_PROCEDEF` FOREIGN KEY (`PROC_DEF_ID_`) REFERENCES `act_re_procdef` (`ID_`),
  CONSTRAINT `ACT_FK_IDL_PROCINST` FOREIGN KEY (`PROC_INST_ID_`) REFERENCES `act_ru_execution` (`ID_`),
  CONSTRAINT `ACT_FK_TSKASS_TASK` FOREIGN KEY (`TASK_ID_`) REFERENCES `act_ru_task` (`ID_`)
) ENGINE=InnoDB DEFAULT CHARSET=utf8 COLLATE=utf8_bin;

#
# Data for table "act_ru_identitylink"
#


#
# Structure for table "act_ru_variable"
#

DROP TABLE IF EXISTS `act_ru_variable`;
CREATE TABLE `act_ru_variable` (
  `ID_` varchar(64) COLLATE utf8_bin NOT NULL,
  `REV_` int(11) DEFAULT NULL,
  `TYPE_` varchar(255) COLLATE utf8_bin NOT NULL,
  `NAME_` varchar(255) COLLATE utf8_bin NOT NULL,
  `EXECUTION_ID_` varchar(64) COLLATE utf8_bin DEFAULT NULL,
  `PROC_INST_ID_` varchar(64) COLLATE utf8_bin DEFAULT NULL,
  `TASK_ID_` varchar(64) COLLATE utf8_bin DEFAULT NULL,
  `BYTEARRAY_ID_` varchar(64) COLLATE utf8_bin DEFAULT NULL,
  `DOUBLE_` double DEFAULT NULL,
  `LONG_` bigint(20) DEFAULT NULL,
  `TEXT_` varchar(4000) COLLATE utf8_bin DEFAULT NULL,
  `TEXT2_` varchar(4000) COLLATE utf8_bin DEFAULT NULL,
  PRIMARY KEY (`ID_`),
  KEY `ACT_IDX_VARIABLE_TASK_ID` (`TASK_ID_`),
  KEY `ACT_FK_VAR_EXE` (`EXECUTION_ID_`),
  KEY `ACT_FK_VAR_PROCINST` (`PROC_INST_ID_`),
  KEY `ACT_FK_VAR_BYTEARRAY` (`BYTEARRAY_ID_`),
  CONSTRAINT `ACT_FK_VAR_BYTEARRAY` FOREIGN KEY (`BYTEARRAY_ID_`) REFERENCES `act_ge_bytearray` (`ID_`),
  CONSTRAINT `ACT_FK_VAR_EXE` FOREIGN KEY (`EXECUTION_ID_`) REFERENCES `act_ru_execution` (`ID_`),
  CONSTRAINT `ACT_FK_VAR_PROCINST` FOREIGN KEY (`PROC_INST_ID_`) REFERENCES `act_ru_execution` (`ID_`)
) ENGINE=InnoDB DEFAULT CHARSET=utf8 COLLATE=utf8_bin;

#
# Data for table "act_ru_variable"
#


#
# Structure for table "file_info"
#

DROP TABLE IF EXISTS `file_info`;
CREATE TABLE `file_info` (
  `id` varchar(32) NOT NULL COMMENT '文件md5',
  `contentType` varchar(128) NOT NULL,
  `size` int(11) NOT NULL,
  `path` varchar(255) NOT NULL COMMENT '物理路径',
  `url` varchar(1024) NOT NULL,
  `type` int(1) NOT NULL,
  `createTime` datetime NOT NULL,
  `updateTime` datetime NOT NULL,
  PRIMARY KEY (`id`)
) ENGINE=InnoDB DEFAULT CHARSET=utf8mb4;

#
# Data for table "file_info"
#

INSERT INTO `file_info` VALUES ('c5ca69c2971ac9add9efe91115bf500c','image/png',12105,'d:/files/2018/05/28/c5ca69c2971ac9add9efe91115bf500c.png','/2018/05/28/c5ca69c2971ac9add9efe91115bf500c.png',1,'2018-05-28 02:54:47','2018-05-28 02:54:47');

#
# Structure for table "oauth_access_token"
#

DROP TABLE IF EXISTS `oauth_access_token`;
CREATE TABLE `oauth_access_token` (
  `token_id` varchar(256) DEFAULT NULL,
  `token` blob,
  `authentication_id` varchar(48) NOT NULL,
  `user_name` varchar(256) DEFAULT NULL,
  `client_id` varchar(256) DEFAULT NULL,
  `authentication` blob,
  `refresh_token` varchar(256) DEFAULT NULL,
  PRIMARY KEY (`authentication_id`)
) ENGINE=InnoDB DEFAULT CHARSET=utf8;

#
# Data for table "oauth_access_token"
#


#
# Structure for table "oauth_approvals"
#

DROP TABLE IF EXISTS `oauth_approvals`;
CREATE TABLE `oauth_approvals` (
  `userId` varchar(256) DEFAULT NULL,
  `clientId` varchar(256) DEFAULT NULL,
  `scope` varchar(256) DEFAULT NULL,
  `status` varchar(10) DEFAULT NULL,
  `expiresAt` timestamp NOT NULL DEFAULT CURRENT_TIMESTAMP ON UPDATE CURRENT_TIMESTAMP,
  `lastModifiedAt` timestamp NOT NULL DEFAULT '0000-00-00 00:00:00'
) ENGINE=InnoDB DEFAULT CHARSET=utf8;

#
# Data for table "oauth_approvals"
#


#
# Structure for table "oauth_client_details"
#

DROP TABLE IF EXISTS `oauth_client_details`;
CREATE TABLE `oauth_client_details` (
  `id` int(11) NOT NULL AUTO_INCREMENT,
  `client_id` varchar(48) NOT NULL,
  `resource_ids` varchar(256) DEFAULT NULL,
  `client_secret` varchar(256) DEFAULT NULL,
  `scope` varchar(256) DEFAULT NULL,
  `authorized_grant_types` varchar(256) DEFAULT NULL,
  `web_server_redirect_uri` varchar(256) DEFAULT NULL,
  `authorities` varchar(256) DEFAULT NULL,
  `access_token_validity` int(11) DEFAULT NULL,
  `refresh_token_validity` int(11) DEFAULT NULL,
  `additional_information` varchar(4096) DEFAULT NULL,
  `autoapprove` varchar(256) DEFAULT NULL,
  PRIMARY KEY (`id`)
) ENGINE=InnoDB AUTO_INCREMENT=8 DEFAULT CHARSET=utf8;

#
# Data for table "oauth_client_details"
#

INSERT INTO `oauth_client_details` VALUES (1,'app',NULL,'app','app','password,refresh_token',NULL,NULL,NULL,NULL,NULL,NULL),(2,'mobile','mobile,test','mobile','all','password,refresh_token',NULL,NULL,NULL,NULL,NULL,NULL),(3,'test','test','test','test','password,refresh_token',NULL,NULL,NULL,NULL,NULL,NULL),(4,'webApp',NULL,'webApp','app','authorization_code,password,refresh_token,client_credentials',NULL,NULL,NULL,NULL,NULL,NULL),(5,'clientId','','clientSecret','all','authorization_code,password,refresh_token,client_credentials','http://www.baidu.com','',18000,18000,'','1');

#
# Structure for table "oauth_client_token"
#

DROP TABLE IF EXISTS `oauth_client_token`;
CREATE TABLE `oauth_client_token` (
  `token_id` varchar(256) DEFAULT NULL,
  `token` blob,
  `authentication_id` varchar(48) NOT NULL,
  `user_name` varchar(256) DEFAULT NULL,
  `client_id` varchar(256) DEFAULT NULL,
  PRIMARY KEY (`authentication_id`)
) ENGINE=InnoDB DEFAULT CHARSET=utf8;

#
# Data for table "oauth_client_token"
#


#
# Structure for table "oauth_code"
#

DROP TABLE IF EXISTS `oauth_code`;
CREATE TABLE `oauth_code` (
  `code` varchar(256) DEFAULT NULL,
  `authentication` blob
) ENGINE=InnoDB DEFAULT CHARSET=utf8;

#
# Data for table "oauth_code"
#


#
# Structure for table "oauth_refresh_token"
#

DROP TABLE IF EXISTS `oauth_refresh_token`;
CREATE TABLE `oauth_refresh_token` (
  `token_id` varchar(256) DEFAULT NULL,
  `token` blob,
  `authentication` blob
) ENGINE=InnoDB DEFAULT CHARSET=utf8;

#
# Data for table "oauth_refresh_token"
#

INSERT INTO `oauth_refresh_token` VALUES ('b96e057b4e1c4920428e833db48d4c15',X'ACED00057372004C6F72672E737072696E676672616D65776F726B2E73656375726974792E6F61757468322E636F6D6D6F6E2E44656661756C744578706972696E674F417574683252656672657368546F6B656E2FDF47639DD0C9B70200014C000A65787069726174696F6E7400104C6A6176612F7574696C2F446174653B787200446F72672E737072696E676672616D65776F726B2E73656375726974792E6F61757468322E636F6D6D6F6E2E44656661756C744F417574683252656672657368546F6B656E73E10E0A6354D45E0200014C000576616C75657400124C6A6176612F6C616E672F537472696E673B787074002462303132643438372D613930382D343361662D613865662D3533633533393963386264367372000E6A6176612E7574696C2E44617465686A81014B59741903000078707708000001613B74C98E78',X'ACED0005737200416F72672E737072696E676672616D65776F726B2E73656375726974792E6F61757468322E70726F76696465722E4F417574683241757468656E7469636174696F6EBD400B02166252130200024C000D73746F7265645265717565737474003C4C6F72672F737072696E676672616D65776F726B2F73656375726974792F6F61757468322F70726F76696465722F4F4175746832526571756573743B4C00127573657241757468656E7469636174696F6E7400324C6F72672F737072696E676672616D65776F726B2F73656375726974792F636F72652F41757468656E7469636174696F6E3B787200476F72672E737072696E676672616D65776F726B2E73656375726974792E61757468656E7469636174696F6E2E416273747261637441757468656E7469636174696F6E546F6B656ED3AA287E6E47640E0200035A000D61757468656E746963617465644C000B617574686F7269746965737400164C6A6176612F7574696C2F436F6C6C656374696F6E3B4C000764657461696C737400124C6A6176612F6C616E672F4F626A6563743B787000737200266A6176612E7574696C2E436F6C6C656374696F6E7324556E6D6F6469666961626C654C697374FC0F2531B5EC8E100200014C00046C6973747400104C6A6176612F7574696C2F4C6973743B7872002C6A6176612E7574696C2E436F6C6C656374696F6E7324556E6D6F6469666961626C65436F6C6C656374696F6E19420080CB5EF71E0200014C00016371007E00047870737200136A6176612E7574696C2E41727261794C6973747881D21D99C7619D03000149000473697A65787000000009770400000009737200426F72672E737072696E676672616D65776F726B2E73656375726974792E636F72652E617574686F726974792E53696D706C654772616E746564417574686F7269747900000000000001A40200014C0004726F6C657400124C6A6176612F6C616E672F537472696E673B787074000A524F4C455F61646D696E7371007E000D740006617069646F637371007E000D74000C64617461626173652F6C6F677371007E000D74000673797374656D7371007E000D740008757365722F6164647371007E000D74000B757365722F64656C6574657371007E000D740009757365722F656469747371007E000D740009757365722F766965777371007E000D740008757365724C6973747871007E000C707372003A6F72672E737072696E676672616D65776F726B2E73656375726974792E6F61757468322E70726F76696465722E4F41757468325265717565737400000000000000010200075A0008617070726F7665644C000B617574686F72697469657371007E00044C000A657874656E73696F6E7374000F4C6A6176612F7574696C2F4D61703B4C000B726564697265637455726971007E000E4C00077265667265736874003B4C6F72672F737072696E676672616D65776F726B2F73656375726974792F6F61757468322F70726F76696465722F546F6B656E526571756573743B4C000B7265736F7572636549647374000F4C6A6176612F7574696C2F5365743B4C000D726573706F6E7365547970657371007E0024787200386F72672E737072696E676672616D65776F726B2E73656375726974792E6F61757468322E70726F76696465722E426173655265717565737436287A3EA37169BD0200034C0008636C69656E74496471007E000E4C001172657175657374506172616D657465727371007E00224C000573636F706571007E00247870740006776562417070737200256A6176612E7574696C2E436F6C6C656374696F6E7324556E6D6F6469666961626C654D6170F1A5A8FE74F507420200014C00016D71007E00227870737200116A6176612E7574696C2E486173684D61700507DAC1C31660D103000246000A6C6F6164466163746F724900097468726573686F6C6478703F400000000000037708000000040000000274000A6772616E745F7479706574000870617373776F7264740008757365726E616D6574000561646D696E78737200256A6176612E7574696C2E436F6C6C656374696F6E7324556E6D6F6469666961626C65536574801D92D18F9B80550200007871007E0009737200176A6176612E7574696C2E4C696E6B656448617368536574D86CD75A95DD2A1E020000787200116A6176612E7574696C2E48617368536574BA44859596B8B7340300007870770C000000103F4000000000000174000361707078017371007E0033770C000000103F40000000000000787371007E002A3F40000000000000770800000010000000007870707371007E0033770C000000103F40000000000000787371007E0033770C000000103F40000000000000787372004F6F72672E737072696E676672616D65776F726B2E73656375726974792E61757468656E7469636174696F6E2E557365726E616D6550617373776F726441757468656E7469636174696F6E546F6B656E00000000000001A40200024C000B63726564656E7469616C7371007E00054C00097072696E636970616C71007E00057871007E0003017371007E00077371007E000B0000000977040000000971007E000F71007E001171007E001371007E001571007E001771007E001971007E001B71007E001D71007E001F7871007E003D737200176A6176612E7574696C2E4C696E6B6564486173684D617034C04E5C106CC0FB0200015A000B6163636573734F726465727871007E002A3F400000000000067708000000080000000271007E002C71007E002D71007E002E71007E002F780070737200326F72672E737072696E676672616D65776F726B2E73656375726974792E636F72652E7573657264657461696C732E5573657200000000000001A40200075A00116163636F756E744E6F6E457870697265645A00106163636F756E744E6F6E4C6F636B65645A001563726564656E7469616C734E6F6E457870697265645A0007656E61626C65644C000B617574686F72697469657371007E00244C000870617373776F726471007E000E4C0008757365726E616D6571007E000E7870010101017371007E0030737200116A6176612E7574696C2E54726565536574DD98509395ED875B0300007870737200466F72672E737072696E676672616D65776F726B2E73656375726974792E636F72652E7573657264657461696C732E5573657224417574686F72697479436F6D70617261746F7200000000000001A4020000787077040000000971007E000F71007E001171007E001371007E001571007E001771007E001971007E001B71007E001D71007E001F787074000561646D696E');

#
# Structure for table "properties"
#

DROP TABLE IF EXISTS `properties`;
CREATE TABLE `properties` (
  `id` int(11) NOT NULL,
  `key` varchar(50) DEFAULT NULL,
  `value` varchar(500) DEFAULT NULL,
  `application` varchar(50) DEFAULT NULL,
  `profile` varchar(50) DEFAULT NULL,
  `lable` varchar(50) DEFAULT NULL,
  PRIMARY KEY (`id`)
) ENGINE=InnoDB DEFAULT CHARSET=utf8;

#
# Data for table "properties"
#

INSERT INTO `properties` VALUES (1,'zuul.debug.request','false','unieap-eureka-config-client','dev','master');

#
# Structure for table "sys_client_permission"
#

DROP TABLE IF EXISTS `sys_client_permission`;
CREATE TABLE `sys_client_permission` (
  `clientId` int(11) NOT NULL,
  `permissionId` int(11) NOT NULL,
  PRIMARY KEY (`clientId`,`permissionId`)
) ENGINE=InnoDB DEFAULT CHARSET=utf8mb4;

#
# Data for table "sys_client_permission"
#

INSERT INTO `sys_client_permission` VALUES (1,71),(1,72),(1,73),(1,74),(1,75),(2,71),(2,72),(2,73),(2,74),(2,75),(3,71),(3,72),(3,73),(3,74),(3,75),(4,71),(4,72),(4,73),(4,74),(4,75),(5,71),(5,72),(5,73),(5,74),(5,75);

#
# Structure for table "sys_client_server"
#

DROP TABLE IF EXISTS `sys_client_server`;
CREATE TABLE `sys_client_server` (
  `id` int(11) NOT NULL AUTO_INCREMENT,
  `clientId` int(11) DEFAULT NULL,
  `moduleId` int(11) DEFAULT NULL COMMENT '模块ID',
  `serverId` int(11) DEFAULT NULL COMMENT '服务ID',
  PRIMARY KEY (`id`)
) ENGINE=InnoDB DEFAULT CHARSET=utf8 COMMENT='服务授权表';

#
# Data for table "sys_client_server"
#


#
# Structure for table "sys_logs"
#

DROP TABLE IF EXISTS `sys_logs`;
CREATE TABLE `sys_logs` (
  `id` int(11) NOT NULL AUTO_INCREMENT,
  `userId` int(11) NOT NULL,
  `module` varchar(50) DEFAULT NULL COMMENT '模块名',
  `flag` tinyint(4) NOT NULL DEFAULT '1' COMMENT '成功失败',
  `remark` text COMMENT '备注',
  `createTime` datetime NOT NULL,
  PRIMARY KEY (`id`),
  KEY `userId` (`userId`),
  KEY `createTime` (`createTime`)
) ENGINE=InnoDB AUTO_INCREMENT=362 DEFAULT CHARSET=utf8mb4;

#
# Data for table "sys_logs"
#

INSERT INTO `sys_logs` VALUES (1,1,'登陆',1,NULL,'2018-03-14 03:59:44'),(2,1,'登陆',1,NULL,'2018-03-14 06:26:11'),(3,1,'登陆',1,NULL,'2018-03-14 08:39:16'),(4,1,'保存用户',1,NULL,'2018-03-14 08:43:48'),(5,1,'修改用户',1,NULL,'2018-03-14 08:43:56'),(6,1,'登陆',1,NULL,'2018-03-14 10:12:39'),(7,1,'登陆',1,NULL,'2018-03-14 13:01:21'),(8,1,'保存用户',1,NULL,'2018-03-14 13:02:36'),(9,1,'保存角色',1,NULL,'2018-03-14 13:03:08'),(10,1,'保存角色',1,NULL,'2018-03-14 13:03:18'),(11,1,'保存角色',1,NULL,'2018-03-14 13:03:36'),(12,1,'修改用户',1,NULL,'2018-03-14 13:03:43'),(13,1,'退出',1,NULL,'2018-03-14 13:03:50'),(14,4,'登陆',1,NULL,'2018-03-14 13:03:55'),(15,4,'退出',1,NULL,'2018-03-14 13:04:04'),(16,1,'登陆',1,NULL,'2018-03-14 13:04:09'),(17,1,'保存角色',1,NULL,'2018-03-14 13:04:18'),(18,1,'退出',1,NULL,'2018-03-14 13:04:22'),(19,4,'登陆',1,NULL,'2018-03-14 13:04:27'),(20,4,'退出',1,NULL,'2018-03-14 13:13:39'),(21,4,'登陆',1,NULL,'2018-03-14 13:13:45'),(22,4,'退出',1,NULL,'2018-03-14 13:22:28'),(23,4,'登陆',1,NULL,'2018-03-14 13:22:32'),(24,4,'退出',1,NULL,'2018-03-14 13:24:27'),(25,4,'登陆',1,NULL,'2018-03-14 13:24:31'),(26,4,'退出',1,NULL,'2018-03-14 13:24:50'),(27,4,'登陆',1,NULL,'2018-03-14 13:24:54'),(28,4,'登陆',1,NULL,'2018-03-14 15:49:48'),(29,4,'退出',1,NULL,'2018-03-14 15:51:00'),(30,4,'登陆',1,NULL,'2018-03-14 15:51:03'),(31,4,'退出',1,NULL,'2018-03-14 15:52:06'),(32,4,'登陆',1,NULL,'2018-03-14 15:52:09'),(33,4,'退出',1,NULL,'2018-03-14 15:56:29'),(34,4,'登陆',1,NULL,'2018-03-14 15:56:32'),(35,4,'登陆',1,NULL,'2018-03-14 15:57:21'),(36,4,'退出',1,NULL,'2018-03-14 16:03:58'),(37,4,'登陆',1,NULL,'2018-03-14 16:04:01'),(38,4,'退出',1,NULL,'2018-03-14 16:26:27'),(39,1,'登陆',1,NULL,'2018-03-14 16:26:31'),(40,1,'退出',1,NULL,'2018-03-14 16:26:48'),(41,4,'登陆',1,NULL,'2018-03-14 16:26:51'),(42,4,'退出',1,NULL,'2018-03-14 16:34:39'),(43,1,'登陆',1,NULL,'2018-03-14 16:35:19'),(44,1,'登陆',1,NULL,'2018-03-14 18:45:34'),(45,1,'登陆',1,NULL,'2018-03-14 23:30:14'),(46,1,'添加定时任务',1,NULL,'2018-03-15 00:00:08'),(47,4,'��½',1,NULL,'2018-03-15 04:37:19'),(48,1,'登陆',1,NULL,'2018-03-15 04:43:52'),(49,1,'生成代码',0,NULL,'2018-03-15 04:44:50'),(50,1,'生成代码',0,NULL,'2018-03-15 04:45:13'),(51,1,'修改菜单',1,NULL,'2018-03-15 04:45:57'),(52,1,'登陆',1,NULL,'2018-03-25 23:30:29'),(53,1,'登陆',1,NULL,'2018-03-26 18:16:00'),(54,1,'保存角色',1,NULL,'2018-03-26 18:16:20'),(55,1,'退出',1,NULL,'2018-03-26 18:16:29'),(56,1,'登陆',1,NULL,'2018-03-26 18:16:34'),(57,1,'退出',1,NULL,'2018-03-26 19:29:52'),(58,1,'登陆',1,NULL,'2018-03-26 19:29:57'),(59,1,'退出',1,NULL,'2018-03-26 19:31:43'),(60,1,'登陆',1,NULL,'2018-03-26 19:31:52'),(61,1,'登陆',1,NULL,'2018-03-26 22:36:47'),(62,1,'登陆',1,NULL,'2018-03-27 00:38:15'),(63,1,'登陆',1,NULL,'2018-03-27 00:46:41'),(64,1,'登陆',1,NULL,'2018-03-27 00:52:14'),(65,1,'登陆',1,NULL,'2018-03-27 00:54:55'),(66,1,'登陆',1,NULL,'2018-03-27 01:23:12'),(67,1,'登陆',1,NULL,'2018-03-27 02:20:42'),(68,1,'登陆',1,NULL,'2018-03-27 03:42:26'),(69,1,'登陆',1,NULL,'2018-03-27 04:56:58'),(70,1,'登陆',1,NULL,'2018-03-27 04:57:23'),(71,1,'登陆',1,NULL,'2018-03-27 04:58:41'),(72,1,'登陆',1,NULL,'2018-03-27 05:02:02'),(73,1,'登陆',1,NULL,'2018-03-27 19:17:50'),(74,4,'登陆',1,NULL,'2018-03-28 23:12:13'),(75,4,'登陆',1,NULL,'2018-03-28 23:41:49'),(76,4,'退出',1,NULL,'2018-03-28 23:41:53'),(77,1,'登陆',1,NULL,'2018-03-28 23:41:58'),(78,1,'退出',1,NULL,'2018-03-28 23:44:53'),(79,1,'登陆',1,NULL,'2018-03-28 23:44:57'),(80,1,'退出',1,NULL,'2018-03-28 23:46:18'),(81,1,'登陆',1,NULL,'2018-03-28 23:46:23'),(82,1,'登陆',1,NULL,'2018-03-31 03:31:00'),(83,1,'登陆',1,NULL,'2018-03-31 04:08:08'),(84,1,'登陆',1,NULL,'2018-04-03 00:08:01'),(85,1,'保存角色',1,NULL,'2018-04-03 00:08:29'),(86,1,'退出',1,NULL,'2018-04-03 00:08:37'),(87,1,'登陆',1,NULL,'2018-04-03 00:08:42'),(88,1,'登陆',1,NULL,'2018-04-03 01:18:56'),(89,1,'登陆',1,NULL,'2018-04-04 23:00:02'),(90,1,'登陆',1,NULL,'2018-04-09 06:48:29'),(91,1,'登陆',1,NULL,'2018-04-12 00:19:47'),(92,1,'登陆',1,NULL,'2018-04-14 20:01:20'),(93,1,'退出',1,NULL,'2018-04-14 20:01:26'),(94,1,'登陆',1,NULL,'2018-04-14 20:16:46'),(95,1,'登陆',1,NULL,'2018-04-14 20:42:45'),(96,1,'登陆',1,NULL,'2018-04-14 21:22:18'),(97,1,'登陆',1,NULL,'2018-04-14 21:42:05'),(98,1,'保存用户',1,NULL,'2018-04-14 21:42:43'),(99,1,'修改菜单',1,NULL,'2018-04-14 21:43:11'),(100,1,'生成代码',0,NULL,'2018-04-14 21:44:00'),(101,1,'生成代码',0,NULL,'2018-04-14 21:46:30'),(102,1,'生成代码',0,NULL,'2018-04-14 21:47:02'),(103,1,'生成代码',0,NULL,'2018-04-14 21:49:52'),(104,1,'生成代码',0,NULL,'2018-04-14 21:50:10'),(105,1,'生成代码',1,NULL,'2018-04-14 22:04:21'),(106,1,'文件上传',1,NULL,'2018-04-14 22:12:57'),(107,1,'文件删除',1,NULL,'2018-04-14 22:14:21'),(108,1,'登陆',1,NULL,'2018-04-15 01:43:48'),(109,1,'退出',1,NULL,'2018-04-15 01:49:59'),(110,1,'登陆',1,NULL,'2018-04-15 01:50:09'),(111,1,'登陆',1,NULL,'2018-04-15 11:36:18'),(112,1,'保存角色',1,NULL,'2018-04-15 11:39:42'),(113,1,'退出',1,NULL,'2018-04-15 11:39:46'),(114,1,'登陆',1,NULL,'2018-04-15 11:39:51'),(115,1,'生成代码',1,NULL,'2018-04-15 11:42:35'),(116,1,'退出',1,NULL,'2018-04-15 11:47:17'),(117,1,'登陆',1,NULL,'2018-04-15 11:47:21'),(118,1,'退出',1,NULL,'2018-04-15 12:11:38'),(119,1,'登陆',1,NULL,'2018-04-15 12:11:44'),(120,1,'登陆',1,NULL,'2018-04-24 10:29:06'),(121,1,'登陆',1,NULL,'2018-04-24 10:32:11'),(122,1,'登陆',1,NULL,'2018-04-24 10:34:41'),(123,1,'登陆',1,NULL,'2018-04-24 10:55:53'),(124,1,'登陆',1,NULL,'2018-04-24 10:57:04'),(125,1,'登陆',1,NULL,'2018-04-24 10:59:25'),(126,1,'退出',1,NULL,'2018-04-24 11:07:13'),(127,1,'登陆',1,NULL,'2018-04-24 11:09:14'),(128,1,'保存角色',1,NULL,'2018-04-24 11:09:34'),(129,1,'文件上传',1,NULL,'2018-04-24 11:09:48'),(130,1,'文件删除',1,NULL,'2018-04-24 11:09:58'),(131,1,'登陆',1,NULL,'2018-04-24 17:46:26'),(132,1,'保存角色',1,NULL,'2018-04-24 17:47:12'),(133,1,'登陆',1,NULL,'2018-04-25 14:38:39'),(134,1,'退出',1,NULL,'2018-04-25 14:39:03'),(135,1,'登陆',1,NULL,'2018-04-25 14:39:09'),(136,1,'退出',1,NULL,'2018-04-25 14:46:06'),(137,1,'登陆',1,NULL,'2018-04-25 14:57:04'),(138,1,'退出',1,NULL,'2018-04-25 14:57:42'),(139,1,'登陆',1,NULL,'2018-04-25 15:03:02'),(140,1,'退出',1,NULL,'2018-04-25 15:03:08'),(141,1,'登陆',1,NULL,'2018-04-25 15:08:17'),(142,1,'退出',1,NULL,'2018-04-25 15:09:17'),(143,1,'登陆',1,NULL,'2018-04-25 15:23:24'),(144,1,'退出',1,NULL,'2018-04-25 15:30:49'),(145,1,'登陆',1,NULL,'2018-04-25 15:30:57'),(146,1,'保存角色',1,NULL,'2018-04-25 15:52:18'),(147,1,'保存角色',1,NULL,'2018-04-25 15:53:03'),(148,1,'登陆',1,NULL,'2018-04-25 16:02:21'),(149,1,'退出',1,NULL,'2018-04-25 16:03:22'),(150,1,'登陆',1,NULL,'2018-04-26 09:32:24'),(151,1,'修改菜单',1,NULL,'2018-04-26 09:33:47'),(152,1,'退出',1,NULL,'2018-04-26 09:33:59'),(153,1,'登陆',1,NULL,'2018-04-26 09:34:07'),(154,1,'退出',1,NULL,'2018-04-26 09:36:21'),(155,1,'登陆',1,NULL,'2018-04-26 09:36:36'),(156,1,'修改菜单',1,NULL,'2018-04-26 09:37:12'),(157,1,'退出',1,NULL,'2018-04-26 09:37:22'),(158,1,'登陆',1,NULL,'2018-04-26 09:37:33'),(159,1,'登陆',1,NULL,'2018-04-26 09:39:50'),(160,1,'退出',1,NULL,'2018-04-26 10:25:09'),(161,1,'登陆',1,NULL,'2018-04-26 10:25:16'),(162,1,'保存角色',1,NULL,'2018-04-26 10:49:07'),(163,1,'退出',1,NULL,'2018-04-26 10:51:52'),(164,1,'登陆',1,NULL,'2018-04-26 10:52:46'),(165,1,'登陆',1,NULL,'2018-04-26 10:57:38'),(166,1,'保存角色',1,NULL,'2018-04-26 11:16:36'),(167,1,'登陆',1,NULL,'2018-04-26 17:48:38'),(168,1,'登陆',1,NULL,'2018-04-27 10:30:53'),(169,1,'登陆',1,NULL,'2018-05-02 11:58:33'),(170,1,'登陆',1,NULL,'2018-05-02 15:05:51'),(171,1,'登陆',1,NULL,'2018-05-03 14:44:52'),(172,1,'退出',1,NULL,'2018-05-03 14:53:01'),(173,1,'登陆',1,NULL,'2018-05-03 14:53:08'),(174,1,'退出',1,NULL,'2018-05-03 14:54:07'),(175,1,'登陆',1,NULL,'2018-05-03 14:54:18'),(176,1,'登陆',1,NULL,'2018-05-03 15:12:14'),(177,1,'登陆',1,NULL,'2018-05-04 09:43:22'),(178,1,'登陆',1,NULL,'2018-05-04 10:05:30'),(179,1,'登陆',1,NULL,'2018-05-04 12:16:22'),(180,1,'登陆',1,NULL,'2018-05-14 15:25:11'),(181,1,'保存角色',1,NULL,'2018-05-14 15:25:53'),(182,1,'退出',1,NULL,'2018-05-14 15:25:56'),(183,1,'登陆',1,NULL,'2018-05-14 15:26:01'),(184,1,'退出',1,NULL,'2018-05-14 15:26:15'),(185,1,'登陆',1,NULL,'2018-05-14 15:26:23'),(186,1,'保存模块',1,NULL,'2018-05-14 15:27:33'),(187,1,'保存模块',1,NULL,'2018-05-14 15:28:06'),(188,1,'保存服务',1,NULL,'2018-05-14 15:29:41'),(189,1,'保存服务',1,NULL,'2018-05-14 15:30:10'),(190,1,'修改服务',1,NULL,'2018-05-14 15:30:24'),(191,1,'退出',1,NULL,'2018-05-15 20:25:15'),(192,1,'登陆',1,NULL,'2018-05-15 20:25:16'),(193,1,'退出',1,NULL,'2018-05-15 20:29:35'),(194,1,'登陆',1,NULL,'2018-05-15 20:29:36'),(195,1,'退出',1,NULL,'2018-05-15 20:30:02'),(196,1,'登陆',1,NULL,'2018-05-15 20:30:03'),(197,1,'退出',1,NULL,'2018-05-15 20:43:21'),(198,1,'登陆',1,NULL,'2018-05-15 20:43:22'),(199,1,'退出',1,NULL,'2018-05-15 21:12:00'),(200,1,'登陆',1,NULL,'2018-05-15 21:12:02'),(201,1,'退出',1,NULL,'2018-05-15 21:21:59'),(202,1,'登陆',1,NULL,'2018-05-15 21:22:00'),(203,1,'登陆',1,NULL,'2018-05-16 10:45:32'),(204,1,'登陆',1,NULL,'2018-05-16 11:12:57'),(205,1,'登陆',1,NULL,'2018-05-16 11:16:12'),(206,1,'登陆',1,NULL,'2018-05-16 11:37:20'),(207,1,'退出',1,NULL,'2018-05-16 11:54:56'),(208,1,'登陆',1,NULL,'2018-05-16 11:54:57'),(209,1,'退出',1,NULL,'2018-05-16 14:05:34'),(210,1,'登陆',1,NULL,'2018-05-16 14:05:36'),(211,1,'退出',1,NULL,'2018-05-16 14:13:04'),(212,1,'登陆',1,NULL,'2018-05-16 14:13:05'),(213,1,'登陆',1,NULL,'2018-05-16 14:20:20'),(214,1,'登陆',1,NULL,'2018-05-16 14:33:50'),(215,1,'登陆',1,NULL,'2018-05-16 14:44:44'),(216,1,'退出',1,NULL,'2018-05-16 14:46:48'),(217,1,'登陆',1,NULL,'2018-05-16 14:46:49'),(218,1,'退出',1,NULL,'2018-05-16 14:55:08'),(219,1,'登陆',1,NULL,'2018-05-16 14:55:09'),(220,1,'登陆',1,NULL,'2018-05-16 15:29:35'),(221,1,'退出',1,NULL,'2018-05-16 16:12:33'),(222,1,'登陆',1,NULL,'2018-05-16 16:12:34'),(223,1,'登陆',1,NULL,'2018-05-16 16:12:40'),(224,1,'登陆',1,NULL,'2018-05-16 16:36:01'),(225,1,'登陆',1,NULL,'2018-05-16 17:07:55'),(226,1,'登陆',1,NULL,'2018-05-16 17:31:19'),(227,1,'登陆',1,NULL,'2018-05-16 17:49:52'),(228,1,'登陆',1,NULL,'2018-05-16 17:55:27'),(229,1,'登陆',1,NULL,'2018-05-17 14:12:25'),(230,1,'登陆',1,NULL,'2018-05-17 14:48:04'),(231,1,'登陆',1,NULL,'2018-05-17 14:52:12'),(232,1,'登陆',1,NULL,'2018-05-17 15:08:28'),(233,1,'登陆',1,NULL,'2018-05-17 15:09:36'),(234,1,'登陆',1,NULL,'2018-05-17 15:13:14'),(235,1,'登陆',1,NULL,'2018-05-17 15:43:52'),(236,1,'登陆',1,NULL,'2018-05-17 15:46:45'),(237,1,'登陆',1,NULL,'2018-05-17 15:50:35'),(238,1,'登陆',1,NULL,'2018-05-17 15:51:46'),(239,1,'登陆',1,NULL,'2018-05-17 15:57:28'),(240,1,'退出',1,NULL,'2018-05-17 17:05:21'),(241,1,'登陆',1,NULL,'2018-05-17 17:05:25'),(242,1,'登陆',1,NULL,'2018-05-17 17:05:34'),(243,1,'登陆',1,NULL,'2018-05-17 17:46:35'),(244,1,'登陆',1,NULL,'2018-05-17 17:47:56'),(245,1,'登陆',1,NULL,'2018-05-17 17:49:23'),(246,1,'登陆',1,NULL,'2018-05-17 17:56:50'),(247,1,'登陆',1,NULL,'2018-05-17 18:00:28'),(248,1,'登陆',1,NULL,'2018-05-17 18:01:21'),(249,1,'退出',1,NULL,'2018-05-17 20:01:38'),(250,1,'登陆',1,NULL,'2018-05-17 20:01:39'),(251,1,'退出',1,NULL,'2018-05-17 20:02:27'),(252,1,'登陆',1,NULL,'2018-05-17 20:02:34'),(253,1,'登陆',1,NULL,'2018-05-17 20:05:36'),(254,1,'登陆',1,NULL,'2018-05-17 20:07:47'),(255,1,'登陆',1,NULL,'2018-05-17 20:08:29'),(256,1,'登陆',1,NULL,'2018-05-17 20:10:24'),(257,1,'登陆',1,NULL,'2018-05-17 21:07:53'),(258,1,'登陆',1,NULL,'2018-05-17 21:26:35'),(259,1,'退出',1,NULL,'2018-05-17 21:36:48'),(260,1,'登陆',1,NULL,'2018-05-17 21:37:01'),(261,1,'登陆',1,NULL,'2018-05-17 21:43:10'),(262,1,'登陆',1,NULL,'2018-05-17 21:51:16'),(263,1,'登陆',1,NULL,'2018-05-18 11:09:20'),(264,1,'登陆',1,NULL,'2018-06-07 10:00:30'),(265,1,'退出',1,NULL,'2018-06-07 10:01:04'),(266,1,'登陆',1,NULL,'2018-06-11 05:00:07'),(267,1,'退出',1,NULL,'2018-06-11 05:02:34'),(268,1,'登陆',1,NULL,'2018-06-11 05:26:20'),(269,1,'退出',1,NULL,'2018-06-11 05:29:11'),(270,1,'登陆',1,NULL,'2018-06-11 05:29:34'),(271,1,'修改菜单',1,NULL,'2018-06-11 05:30:12'),(272,1,'退出',1,NULL,'2018-06-11 05:30:16'),(273,1,'登陆',1,NULL,'2018-06-11 05:30:22'),(274,1,'登陆',1,NULL,'2018-06-12 04:19:00'),(275,1,'登陆',1,NULL,'2018-06-22 06:44:06'),(276,1,'登陆',1,NULL,'2018-06-22 11:56:38'),(277,1,'删除应用',1,NULL,'2018-06-22 11:56:50'),(278,1,'删除应用',1,NULL,'2018-06-22 11:56:53'),(279,1,'删除应用',1,NULL,'2018-06-22 11:56:56'),(280,1,'删除应用',1,NULL,'2018-06-22 11:56:58'),(281,1,'删除应用',1,NULL,'2018-06-22 11:57:00'),(282,1,'保存应用',1,NULL,'2018-06-22 11:59:22'),(283,1,'删除应用',1,NULL,'2018-06-22 12:00:12'),(284,1,'保存应用',1,NULL,'2018-06-22 12:00:25'),(285,1,'登陆',1,NULL,'2018-06-22 17:01:36'),(286,1,'保存菜单',1,NULL,'2018-06-22 17:09:40'),(287,1,'保存角色',1,NULL,'2018-06-22 17:09:54'),(288,1,'退出',1,NULL,'2018-06-22 17:09:57'),(289,1,'登陆',1,NULL,'2018-06-22 17:10:01'),(290,1,'退出',1,NULL,'2018-06-22 17:25:57'),(291,1,'登陆',1,NULL,'2018-06-22 17:26:01'),(292,1,'删除菜单',1,NULL,'2018-06-22 17:32:50'),(293,1,'删除菜单',1,NULL,'2018-06-22 17:33:18'),(294,1,'退出',1,NULL,'2018-06-22 17:44:04'),(295,1,'登陆',1,NULL,'2018-06-22 17:44:09'),(296,1,'修改服务',1,NULL,'2018-06-22 17:53:35'),(297,1,'保存服务',1,NULL,'2018-06-22 17:53:55'),(298,1,'删除服务',0,'\r\n### Error updating database.  Cause: com.mysql.jdbc.exceptions.jdbc4.MySQLSyntaxErrorException: Unknown column \'permissionId\' in \'where clause\'\r\n### The error may involve com.open.capacity.security.dao.ServiceDao.deleteRolePermission-Inline\r\n### The error occurred while setting parameters\r\n### SQL: delete from sys_services where permissionId = ?\r\n### Cause: com.mysql.jdbc.exceptions.jdbc4.MySQLSyntaxErrorException: Unknown column \'permissionId\' in \'where clause\'\n; bad SQL grammar []; nested exception is com.mysql.jdbc.exceptions.jdbc4.MySQLSyntaxErrorException: Unknown column \'permissionId\' in \'where clause\'','2018-06-22 17:54:10'),(299,1,'删除服务',1,NULL,'2018-06-22 17:57:45'),(300,1,'删除服务',1,NULL,'2018-06-22 17:59:05'),(301,1,'删除服务',1,NULL,'2018-06-22 17:59:08'),(302,1,'删除服务',1,NULL,'2018-06-22 17:59:10'),(303,1,'删除服务',1,NULL,'2018-06-22 17:59:13'),(304,1,'删除服务',1,NULL,'2018-06-22 17:59:15'),(305,1,'删除服务',1,NULL,'2018-06-22 17:59:17'),(306,1,'删除服务',1,NULL,'2018-06-22 17:59:19'),(307,1,'删除服务',1,NULL,'2018-06-22 17:59:21'),(308,1,'删除服务',1,NULL,'2018-06-22 17:59:24'),(309,1,'删除服务',1,NULL,'2018-06-22 17:59:26'),(310,1,'修改服务',1,NULL,'2018-06-22 17:59:42'),(311,1,'删除服务',1,NULL,'2018-06-22 18:00:25'),(312,1,'删除服务',1,NULL,'2018-06-22 18:00:29'),(313,1,'删除服务',1,NULL,'2018-06-22 18:00:38'),(314,1,'退出',1,NULL,'2018-06-22 07:23:01'),(315,1,'登陆',1,NULL,'2018-06-22 07:23:06'),(316,1,'保存服务',1,NULL,'2018-06-22 07:23:44'),(317,1,'保存服务',1,NULL,'2018-06-22 07:24:18'),(318,1,'修改服务',1,NULL,'2018-06-22 07:24:57'),(319,1,'保存服务',1,NULL,'2018-06-22 07:27:46'),(320,1,'修改服务',1,NULL,'2018-06-22 07:28:14'),(321,1,'保存服务',1,NULL,'2018-06-22 07:28:36'),(322,1,'保存服务',1,NULL,'2018-06-22 07:28:53'),(323,1,'保存服务',1,NULL,'2018-06-22 07:34:15'),(324,1,'保存服务',1,NULL,'2018-06-22 07:35:51'),(325,1,'修改服务',1,NULL,'2018-06-22 07:36:29'),(326,1,'修改服务',1,NULL,'2018-06-22 07:37:17'),(327,1,'保存服务',1,NULL,'2018-06-22 07:38:37'),(328,1,'修改服务',1,NULL,'2018-06-22 07:38:52'),(329,1,'保存菜单',1,NULL,'2018-06-22 07:44:33'),(330,1,'修改菜单',1,NULL,'2018-06-22 07:44:49'),(331,1,'修改菜单',1,NULL,'2018-06-22 07:45:05'),(332,1,'退出',1,NULL,'2018-06-22 07:45:10'),(333,1,'登陆',1,NULL,'2018-06-22 07:45:16'),(334,1,'保存角色',1,NULL,'2018-06-22 07:45:57'),(335,1,'退出',1,NULL,'2018-06-22 07:46:02'),(336,1,'登陆',1,NULL,'2018-06-22 07:46:07'),(337,1,'保存角色',1,NULL,'2018-06-22 07:46:48'),(338,1,'删除菜单',1,NULL,'2018-06-22 07:47:03'),(339,1,'退出',1,NULL,'2018-06-22 07:47:06'),(340,1,'登陆',1,NULL,'2018-06-22 07:47:12'),(341,1,'修改菜单',1,NULL,'2018-06-22 07:47:33'),(342,1,'退出',1,NULL,'2018-06-22 07:47:37'),(343,1,'登陆',1,NULL,'2018-06-22 07:47:45'),(344,1,'修改菜单',1,NULL,'2018-06-22 07:48:01'),(345,1,'退出',1,NULL,'2018-06-22 07:48:05'),(346,1,'登陆',1,NULL,'2018-06-22 07:48:11'),(347,1,'登陆',1,NULL,'2018-06-22 07:51:15'),(348,1,'退出',1,NULL,'2018-06-22 07:52:00'),(349,1,'登陆',1,NULL,'2018-06-22 07:52:05'),(350,1,'登陆',1,NULL,'2018-06-22 07:52:37'),(351,1,'登陆',1,NULL,'2018-06-22 07:54:01'),(352,1,'登陆',1,NULL,'2018-06-22 07:54:35'),(353,1,'登陆',1,NULL,'2018-06-22 07:54:51'),(354,1,'登陆',1,NULL,'2018-06-22 08:40:43'),(355,1,'保存应用',0,'webApp已存在','2018-06-22 08:40:57'),(356,1,'保存应用',0,'webApp已存在','2018-06-22 08:43:01'),(357,1,'保存应用',0,'webApp已存在','2018-06-22 08:44:30'),(358,1,'保存应用',0,'webApp已存在','2018-06-22 08:44:47'),(359,1,'保存服务',1,NULL,'2018-06-22 08:52:37'),(360,1,'修改服务',1,NULL,'2018-06-22 08:53:04'),(361,1,'保存服务',1,NULL,'2018-06-22 08:53:31');

#
# Structure for table "sys_module"
#

DROP TABLE IF EXISTS `sys_module`;
CREATE TABLE `sys_module` (
  `id` int(11) NOT NULL AUTO_INCREMENT,
  `version` bigint(20) DEFAULT '0' COMMENT '版本号',
  `description` varchar(200) COLLATE utf8_bin DEFAULT NULL COMMENT '描述',
  `image` varchar(50) COLLATE utf8_bin DEFAULT NULL COMMENT '图片',
  `name` varchar(50) COLLATE utf8_bin DEFAULT NULL COMMENT '模块名',
  `index_page` varchar(255) COLLATE utf8_bin DEFAULT NULL COMMENT '模块首页',
  `if_show` varchar(1) COLLATE utf8_bin DEFAULT '1' COMMENT '是否显示（1：显示；0：不显示）',
  `sort` int(20) DEFAULT NULL COMMENT '排序',
  PRIMARY KEY (`id`)
) ENGINE=InnoDB AUTO_INCREMENT=3 DEFAULT CHARSET=utf8 COLLATE=utf8_bin COMMENT='模块表';

#
# Data for table "sys_module"
#

INSERT INTO `sys_module` VALUES (1,NULL,'',NULL,'认证中心','/auth','1',100),(2,NULL,'',NULL,'演示demo','/client','1',100);

#
# Structure for table "sys_permission"
#

DROP TABLE IF EXISTS `sys_permission`;
CREATE TABLE `sys_permission` (
  `id` int(11) NOT NULL AUTO_INCREMENT,
  `parentId` int(11) NOT NULL,
  `name` varchar(50) NOT NULL,
  `css` varchar(30) DEFAULT NULL,
  `href` varchar(1000) DEFAULT NULL,
  `type` tinyint(1) NOT NULL,
  `permission` varchar(50) DEFAULT NULL,
  `sort` int(11) NOT NULL,
  PRIMARY KEY (`id`)
) ENGINE=InnoDB AUTO_INCREMENT=67 DEFAULT CHARSET=utf8mb4;

#
# Data for table "sys_permission"
#

INSERT INTO `sys_permission` VALUES (1,0,'用户管理','fa-users','',1,'',2),(2,1,'用户查询','fa-user','pages/user/userList.html',1,'',3),(3,2,'查询','','',2,'sys:user:query',100),(4,2,'新增','','',2,'sys:user:add',100),(6,1,'修改密码','fa-pencil-square-o','pages/user/changePassword.html',1,'sys:user:password',4),(7,0,'系统设置','fa-gears','',1,'',5),(8,7,'菜单','fa-cog','pages/menu/menuList.html',1,'',6),(9,8,'查询','','',2,'sys:menu:query',100),(10,8,'新增','','',2,'sys:menu:add',100),(11,8,'删除','','',2,'sys:menu:del',100),(12,7,'角色','fa-user-secret','pages/role/roleList.html',1,'',7),(13,12,'查询','','',2,'sys:role:query',100),(14,12,'新增','','',2,'sys:role:add',100),(15,12,'删除','','',2,'sys:role:del',100),(16,0,'文件管理','fa-folder-open','pages/file/fileList.html',1,'',8),(17,16,'查询','','',2,'sys:file:query',100),(18,16,'删除','','',2,'sys:file:del',100),(19,0,'数据源监控','fa-eye','druid/index.html',1,'',9),(26,0,'日志查询','fa-reorder','pages/log/logList.html',1,'sys:log:query',13),(41,0,'注册中心','fa-th-list','pages/euraka/euraka.html',1,'',18),(42,0,'配置中心','fa-th-list','http://127.0.0.1:8070',1,'',19),(56,0,'工作流管理','fa-th-list',NULL,1,NULL,22),(57,56,'流程管理',NULL,'/pages/activiti/actList.html',1,NULL,21),(58,56,'模型列表','','/pages/activiti/actModelList.html',1,'',22),(60,41,'操作','','',2,'job:add',100),(61,66,'应用管理','','pages/client/clientList.html',1,'',10),(62,61,'查询','','',2,'sys:role:query',100),(63,61,'新增','','',2,'sys:role:add',100),(64,61,'删除','','',2,'sys:role:del',100),(65,66,'服务管理','','pages/service/serviceList.html',1,'',1),(66,0,'资源管理','','',1,'',100);

#
# Structure for table "sys_role"
#

DROP TABLE IF EXISTS `sys_role`;
CREATE TABLE `sys_role` (
  `id` int(11) NOT NULL AUTO_INCREMENT,
  `name` varchar(50) NOT NULL,
  `description` varchar(100) DEFAULT NULL,
  `createTime` datetime NOT NULL,
  `updateTime` datetime NOT NULL,
  PRIMARY KEY (`id`),
  UNIQUE KEY `name` (`name`)
) ENGINE=InnoDB AUTO_INCREMENT=7 DEFAULT CHARSET=utf8mb4;

#
# Data for table "sys_role"
#

INSERT INTO `sys_role` VALUES (1,'ADMIN','管理员','2017-05-01 13:25:39','2018-06-22 07:46:48'),(2,'USER','11','2017-08-01 21:47:31','2018-06-21 11:09:12'),(3,'test1','test1','2018-03-14 13:03:36','2018-06-21 11:09:32'),(4,'ttttt','ttt1','2018-04-24 11:09:34','2018-06-21 11:12:26'),(5,'11111','222222','2018-04-24 17:47:12','2018-04-26 10:49:07');

#
# Structure for table "sys_role_permission"
#

DROP TABLE IF EXISTS `sys_role_permission`;
CREATE TABLE `sys_role_permission` (
  `roleId` int(11) NOT NULL,
  `permissionId` int(11) NOT NULL,
  PRIMARY KEY (`roleId`,`permissionId`)
) ENGINE=InnoDB DEFAULT CHARSET=utf8mb4;

#
# Data for table "sys_role_permission"
#

INSERT INTO `sys_role_permission` VALUES (1,1),(1,2),(1,3),(1,4),(1,6),(1,7),(1,8),(1,9),(1,10),(1,11),(1,12),(1,13),(1,14),(1,15),(1,16),(1,17),(1,18),(1,19),(1,26),(1,41),(1,42),(1,56),(1,57),(1,58),(1,60),(1,61),(1,62),(1,63),(1,64),(1,65),(1,66),(2,1),(2,2),(2,3),(2,4),(2,6),(2,7),(2,8),(2,9),(2,10),(2,11),(2,12),(2,13),(2,14),(2,15),(2,16),(2,17),(2,18),(2,19),(3,1),(3,2),(3,3),(3,7),(3,12),(3,13),(3,14),(3,15),(4,1),(4,2),(4,3),(4,4),(4,6),(4,7),(4,8),(4,9),(4,10),(4,11),(4,12),(4,13),(4,14),(4,15),(4,16),(4,17),(4,18),(4,19),(4,26),(4,41),(4,42),(5,1),(5,2),(5,3),(5,4),(5,6),(5,7),(5,8),(5,9),(5,10),(5,11),(5,12),(5,13),(5,14),(5,15),(5,16),(5,17),(5,18),(5,19),(5,26),(5,38),(5,39),(5,40),(5,41),(5,42);

#
# Structure for table "sys_role_user"
#

DROP TABLE IF EXISTS `sys_role_user`;
CREATE TABLE `sys_role_user` (
  `userId` int(11) NOT NULL,
  `roleId` int(11) NOT NULL,
  PRIMARY KEY (`userId`,`roleId`)
) ENGINE=InnoDB DEFAULT CHARSET=utf8mb4;

#
# Data for table "sys_role_user"
#

INSERT INTO `sys_role_user` VALUES (1,1),(1,2),(1,3),(1,4),(1,5),(2,1),(2,2),(2,3),(2,4),(2,5),(3,1),(3,2),(4,3),(5,1),(5,2);

#
# Structure for table "sys_server"
#

DROP TABLE IF EXISTS `sys_server`;
CREATE TABLE `sys_server` (
  `id` int(11) NOT NULL AUTO_INCREMENT,
  `parentId` int(11) DEFAULT NULL COMMENT '父ID',
  `moduleId` int(11) DEFAULT NULL COMMENT '模块ID',
  `name` varchar(100) DEFAULT NULL COMMENT '服务名称',
  `path` varchar(100) DEFAULT NULL COMMENT '访问路径',
  `description` varchar(255) DEFAULT NULL COMMENT '服务描述',
  `sort` int(11) DEFAULT NULL COMMENT '排序',
  PRIMARY KEY (`id`)
) ENGINE=InnoDB AUTO_INCREMENT=3 DEFAULT CHARSET=utf8 COMMENT='服务管理表';

#
# Data for table "sys_server"
#

INSERT INTO `sys_server` VALUES (1,0,1,'token服务','/user/token','用户名密码获取token',100),(2,0,1,'token服务','/client/token','clientId获取token',100);

#
# Structure for table "sys_services"
#

DROP TABLE IF EXISTS `sys_services`;
CREATE TABLE `sys_services` (
  `id` int(11) NOT NULL AUTO_INCREMENT,
  `parentId` int(11) NOT NULL,
  `name` varchar(50) NOT NULL,
  `css` varchar(30) DEFAULT NULL,
  `href` varchar(1000) DEFAULT NULL,
  `type` tinyint(1) NOT NULL,
  `permission` varchar(50) DEFAULT NULL,
  `sort` int(11) NOT NULL,
  PRIMARY KEY (`id`)
) ENGINE=InnoDB AUTO_INCREMENT=74 DEFAULT CHARSET=utf8mb4;

#
# Data for table "sys_services"
#

INSERT INTO `sys_services` VALUES (71,0,'授权服务','','/auth',1,'',1),(72,71,'用户授权token','','/auth/user/token',1,'',100),(73,71,'应用申请token','','/auth/client/token',1,'',100),(74,0,'测试微服务','','/client',1,'',100),(75,74,'hello接口','','/client/hello',1,'',100);

#
# Structure for table "sys_user"
#

DROP TABLE IF EXISTS `sys_user`;
CREATE TABLE `sys_user` (
  `id` int(11) NOT NULL AUTO_INCREMENT,
  `username` varchar(50) NOT NULL,
  `password` varchar(60) NOT NULL,
  `nickname` varchar(255) DEFAULT NULL,
  `headImgUrl` varchar(255) DEFAULT NULL,
  `phone` varchar(11) DEFAULT NULL,
  `telephone` varchar(30) DEFAULT NULL,
  `email` varchar(50) DEFAULT NULL,
  `birthday` date DEFAULT NULL,
  `sex` tinyint(1) DEFAULT NULL,
  `status` tinyint(1) NOT NULL DEFAULT '1',
  `createTime` datetime NOT NULL,
  `updateTime` datetime NOT NULL,
  PRIMARY KEY (`id`),
  UNIQUE KEY `username` (`username`)
) ENGINE=InnoDB AUTO_INCREMENT=6 DEFAULT CHARSET=utf8mb4;

#
# Data for table "sys_user"
#

INSERT INTO `sys_user` VALUES (1,'admin','$2a$10$q54rooCXqDTWYkf29d4ZFu/L3zkq5Uoa6jdA/spRNSwpxksEqJYpy','管理员',NULL,'','','','1998-07-01',0,1,'2017-04-10 15:21:38','2018-05-28 02:49:01'),(2,'user','$2a$10$ooGb4wjT7Hg3zgU2RhZp6eVu3jvG29i/U4L6VRwiZZ4.DZ0OOEAHu','用户',NULL,'22222','2222','',NULL,1,1,'2017-08-01 21:47:18','2018-06-21 21:05:02'),(3,'test123','$2a$10$MGxO0dynaARStolVS9tzk.ZGwzlC2WZ2LZ/LzxixWxCUoftU5Xtnq','test111',NULL,'18571111111','221','22','2018-03-14',1,1,'2018-03-14 08:43:48','2018-06-21 21:04:47'),(4,'owen','$2a$10$JTuOh..ec2N1BBi6NOsn1.beg72gN7je7uNvFn.VWbfkrAsPZ3otC','test',NULL,'18571111111','','11@11.com','2018-03-20',0,1,'2018-03-14 13:02:36','2018-06-12 20:56:07'),(5,'111111111','$2a$10$mJuBGzs67CyExiTZkk5iLOF9sE09GDK7jLf2O6gosMh.g/fDeKEiS','111111',NULL,'11111111111','11111111111','11@11.com','2018-04-11',0,1,'2018-04-14 21:42:43','2018-04-14 21:42:43');

#
# Structure for table "t_dict"
#

DROP TABLE IF EXISTS `t_dict`;
CREATE TABLE `t_dict` (
  `id` int(11) NOT NULL AUTO_INCREMENT,
  `type` varchar(16) NOT NULL,
  `k` varchar(16) NOT NULL,
  `val` varchar(64) NOT NULL,
  `createTime` datetime NOT NULL,
  `updateTime` datetime NOT NULL,
  PRIMARY KEY (`id`),
  UNIQUE KEY `type` (`type`,`k`)
) ENGINE=InnoDB AUTO_INCREMENT=10 DEFAULT CHARSET=utf8mb4;

#
# Data for table "t_dict"
#

INSERT INTO `t_dict` VALUES (1,'sex','0','女','2017-11-17 09:58:24','2017-11-18 14:21:05'),(2,'sex','1','男','2017-11-17 10:03:46','2017-11-17 10:03:46'),(3,'userStatus','0','无效','2017-11-17 16:26:06','2017-11-17 16:26:09'),(4,'userStatus','1','正常','2017-11-17 16:26:06','2017-11-17 16:26:09'),(5,'userStatus','2','锁定','2017-11-17 16:26:06','2017-11-17 16:26:09'),(6,'noticeStatus','0','草稿','2017-11-17 16:26:06','2017-11-17 16:26:09'),(7,'noticeStatus','1','发布','2017-11-17 16:26:06','2017-11-17 16:26:09'),(8,'isRead','0','未读','2017-11-17 16:26:06','2017-11-17 16:26:09'),(9,'isRead','1','已读','2017-11-17 16:26:06','2017-11-17 16:26:09');

#
# Structure for table "t_job"
#

DROP TABLE IF EXISTS `t_job`;
CREATE TABLE `t_job` (
  `id` int(11) NOT NULL AUTO_INCREMENT,
  `jobName` varchar(64) NOT NULL,
  `description` varchar(255) DEFAULT NULL,
  `cron` varchar(64) NOT NULL,
  `springBeanName` varchar(64) NOT NULL COMMENT 'springBean名',
  `methodName` varchar(64) NOT NULL COMMENT '方法名',
  `isSysJob` tinyint(1) NOT NULL COMMENT '是否是系统job',
  `status` tinyint(1) NOT NULL DEFAULT '1',
  `createTime` datetime NOT NULL,
  `updateTime` datetime NOT NULL,
  PRIMARY KEY (`id`),
  UNIQUE KEY `jobName` (`jobName`)
) ENGINE=InnoDB DEFAULT CHARSET=utf8mb4;

#
# Data for table "t_job"
#


#
# Structure for table "t_mail"
#

DROP TABLE IF EXISTS `t_mail`;
CREATE TABLE `t_mail` (
  `id` int(11) NOT NULL AUTO_INCREMENT,
  `userId` int(11) NOT NULL COMMENT '发送人',
  `subject` varchar(255) NOT NULL COMMENT '标题',
  `content` longtext NOT NULL COMMENT '正文',
  `createTime` datetime NOT NULL,
  `updateTime` datetime NOT NULL,
  PRIMARY KEY (`id`)
) ENGINE=InnoDB DEFAULT CHARSET=utf8mb4;

#
# Data for table "t_mail"
#


#
# Structure for table "t_mail_to"
#

DROP TABLE IF EXISTS `t_mail_to`;
CREATE TABLE `t_mail_to` (
  `id` int(11) NOT NULL AUTO_INCREMENT,
  `mailId` int(11) NOT NULL,
  `toUser` varchar(128) NOT NULL,
  `status` tinyint(1) NOT NULL DEFAULT '1' COMMENT '1成功，0失败',
  PRIMARY KEY (`id`)
) ENGINE=InnoDB DEFAULT CHARSET=utf8mb4;

#
# Data for table "t_mail_to"
#


#
# Structure for table "t_notice"
#

DROP TABLE IF EXISTS `t_notice`;
CREATE TABLE `t_notice` (
  `id` int(11) NOT NULL AUTO_INCREMENT,
  `title` varchar(128) NOT NULL,
  `content` text NOT NULL,
  `status` tinyint(1) NOT NULL DEFAULT '1',
  `createTime` datetime NOT NULL,
  `updateTime` datetime NOT NULL,
  PRIMARY KEY (`id`)
) ENGINE=InnoDB DEFAULT CHARSET=utf8mb4;

#
# Data for table "t_notice"
#


#
# Structure for table "t_notice_read"
#

DROP TABLE IF EXISTS `t_notice_read`;
CREATE TABLE `t_notice_read` (
  `noticeId` int(11) NOT NULL,
  `userId` int(11) NOT NULL,
  `createTime` datetime NOT NULL,
  PRIMARY KEY (`noticeId`,`userId`)
) ENGINE=InnoDB DEFAULT CHARSET=utf8mb4;

#
# Data for table "t_notice_read"
#


#
# Structure for table "t_token"
#

DROP TABLE IF EXISTS `t_token`;
CREATE TABLE `t_token` (
  `id` varchar(36) NOT NULL COMMENT 'token',
  `val` text NOT NULL COMMENT 'LoginUser的json串',
  `expireTime` datetime NOT NULL,
  `createTime` datetime NOT NULL,
  `updateTime` datetime NOT NULL,
  PRIMARY KEY (`id`)
) ENGINE=InnoDB DEFAULT CHARSET=utf8mb4;

#
# Data for table "t_token"
#


#
# Structure for table "user_leave"
#

DROP TABLE IF EXISTS `user_leave`;
CREATE TABLE `user_leave` (
  `id` varchar(32) NOT NULL,
  `user_id` varchar(32) NOT NULL,
  `user_name` varchar(18) DEFAULT NULL,
  `begin_time` datetime DEFAULT NULL,
  `end_time` datetime DEFAULT NULL,
  `reason` varchar(255) DEFAULT NULL,
  `days` int(11) DEFAULT NULL,
  `process_instance_Id` varchar(32) DEFAULT NULL,
  `status` varchar(64) DEFAULT NULL,
  `create_date` datetime DEFAULT NULL,
  `create_by` varchar(32) DEFAULT NULL,
  `update_date` datetime DEFAULT NULL,
  `update_by` varchar(32) DEFAULT NULL,
  PRIMARY KEY (`id`)
) ENGINE=InnoDB DEFAULT CHARSET=utf8;

#
# Data for table "user_leave"
#

